%,time(s),cellId,bwpId,IMSI,RNTI,frame,sframe,slot,symStart,numSym,harqId,ndi,rv,mcs,tbSize
1.011,1,0,10,5,101,3,0,1,3,15,1,0,0,693,
1.011,1,0,16,4,101,3,0,4,2,15,1,0,0,461,
1.011,1,0,17,3,101,3,0,6,2,15,1,0,0,461,
1.011,1,0,19,2,101,3,0,8,2,15,1,0,0,461,
1.011,1,0,20,1,101,3,0,10,2,15,1,0,0,461,
1.011,3,0,5,3,101,3,0,1,3,15,1,0,0,693,
1.011,3,0,7,2,101,3,0,4,4,15,1,0,0,926,
1.011,3,0,11,1,101,3,0,8,4,15,1,0,0,926,
1.011,5,0,1,5,101,3,0,1,3,15,1,0,0,693,
1.011,5,0,2,4,101,3,0,4,3,15,1,0,0,693,
1.011,5,0,8,3,101,3,0,7,2,15,1,0,0,461,
1.011,5,0,12,2,101,3,0,9,2,15,1,0,0,461,
1.011,5,0,15,1,101,3,0,11,2,15,1,0,0,461,
1.011,7,0,3,7,101,3,0,1,1,15,1,0,0,229,
1.011,7,0,4,6,101,3,0,2,1,15,1,0,0,229,
1.011,7,0,6,5,101,3,0,3,2,15,1,0,0,461,
1.011,7,0,9,4,101,3,0,5,2,15,1,0,0,461,
1.011,7,0,13,3,101,3,0,7,2,15,1,0,0,461,
1.011,7,0,14,2,101,3,0,9,2,15,1,0,0,461,
1.011,7,0,18,1,101,3,0,11,2,15,1,0,0,461,
1.012,1,0,10,5,101,4,0,1,3,14,1,0,0,693,
1.012,1,0,16,4,101,4,0,4,3,14,1,0,0,693,
1.012,1,0,17,3,101,4,0,7,2,14,1,0,0,461,
1.012,1,0,19,2,101,4,0,9,2,14,1,0,0,461,
1.012,1,0,20,1,101,4,0,11,2,14,1,0,0,461,
1.012,3,0,5,3,101,4,0,1,4,14,1,0,0,926,
1.012,3,0,7,2,101,4,0,5,4,14,1,0,0,926,
1.012,3,0,11,1,101,4,0,9,4,14,1,0,0,926,
1.012,5,0,1,5,101,4,0,1,3,14,1,0,0,693,
1.012,5,0,2,4,101,4,0,4,3,14,1,0,0,693,
1.012,5,0,8,3,101,4,0,7,2,14,1,0,0,461,
1.012,5,0,12,2,101,4,0,9,2,14,1,0,0,461,
1.012,5,0,15,1,101,4,0,11,2,14,1,0,0,461,
1.012,7,0,3,7,101,4,0,1,1,14,1,0,0,229,
1.012,7,0,4,6,101,4,0,2,1,14,1,0,0,229,
1.012,7,0,6,5,101,4,0,3,2,14,1,0,0,461,
1.012,7,0,9,4,101,4,0,5,2,14,1,0,0,461,
1.012,7,0,13,3,101,4,0,7,2,14,1,0,0,461,
1.012,7,0,14,2,101,4,0,9,2,14,1,0,0,461,
1.012,7,0,18,1,101,4,0,11,2,14,1,0,0,461,
1.013,1,0,10,5,101,5,0,1,3,13,1,0,0,693,
1.013,1,0,16,4,101,5,0,4,3,13,1,0,0,693,
1.013,1,0,17,3,101,5,0,7,2,13,1,0,0,461,
1.013,1,0,19,2,101,5,0,9,2,13,1,0,0,461,
1.013,1,0,20,1,101,5,0,11,2,13,1,0,0,461,
1.013,3,0,5,3,101,5,0,1,4,13,1,0,0,926,
1.013,3,0,7,2,101,5,0,5,4,13,1,0,0,926,
1.013,3,0,11,1,101,5,0,9,4,13,1,0,0,926,
1.013,5,0,1,5,101,5,0,1,3,13,1,0,0,693,
1.013,5,0,2,4,101,5,0,4,3,13,1,0,0,693,
1.013,5,0,8,3,101,5,0,7,2,13,1,0,0,461,
1.013,5,0,12,2,101,5,0,9,2,13,1,0,0,461,
1.013,5,0,15,1,101,5,0,11,2,13,1,0,0,461,
1.013,7,0,3,7,101,5,0,1,1,13,1,0,0,229,
1.013,7,0,4,6,101,5,0,2,1,13,1,0,0,229,
1.013,7,0,6,5,101,5,0,3,2,13,1,0,0,461,
1.013,7,0,9,4,101,5,0,5,2,13,1,0,0,461,
1.013,7,0,13,3,101,5,0,7,2,13,1,0,0,461,
1.013,7,0,14,2,101,5,0,9,2,13,1,0,0,461,
1.013,7,0,18,1,101,5,0,11,2,13,1,0,0,461,
1.014,1,0,10,5,101,6,0,1,3,12,1,0,0,693,
1.014,1,0,16,4,101,6,0,4,3,12,1,0,0,693,
1.014,1,0,17,3,101,6,0,7,2,12,1,0,0,461,
1.014,1,0,19,2,101,6,0,9,2,12,1,0,0,461,
1.014,1,0,20,1,101,6,0,11,2,12,1,0,0,461,
1.014,3,0,5,3,101,6,0,1,4,12,1,0,0,926,
1.014,3,0,7,2,101,6,0,5,4,12,1,0,0,926,
1.014,3,0,11,1,101,6,0,9,4,12,1,0,0,926,
1.014,5,0,1,5,101,6,0,1,3,12,1,0,0,693,
1.014,5,0,2,4,101,6,0,4,3,12,1,0,0,693,
1.014,5,0,8,3,101,6,0,7,2,12,1,0,0,461,
1.014,5,0,12,2,101,6,0,9,2,12,1,0,0,461,
1.014,5,0,15,1,101,6,0,11,2,12,1,0,0,461,
1.014,7,0,3,7,101,6,0,1,1,12,1,0,0,229,
1.014,7,0,4,6,101,6,0,2,1,12,1,0,0,229,
1.014,7,0,6,5,101,6,0,3,2,12,1,0,0,461,
1.014,7,0,9,4,101,6,0,5,2,12,1,0,0,461,
1.014,7,0,13,3,101,6,0,7,2,12,1,0,0,461,
1.014,7,0,14,2,101,6,0,9,2,12,1,0,0,461,
1.014,7,0,18,1,101,6,0,11,2,12,1,0,0,461,
1.015,1,0,10,5,101,7,0,1,3,11,1,0,0,693,
1.015,1,0,16,4,101,7,0,4,3,11,1,0,0,693,
1.015,1,0,17,3,101,7,0,7,2,11,1,0,0,461,
1.015,1,0,19,2,101,7,0,9,2,11,1,0,0,461,
1.015,1,0,20,1,101,7,0,11,2,11,1,0,0,461,
1.015,3,0,5,3,101,7,0,1,4,11,1,0,0,926,
1.015,3,0,7,2,101,7,0,5,4,11,1,0,0,926,
1.015,3,0,11,1,101,7,0,9,4,11,1,0,0,926,
1.015,5,0,1,5,101,7,0,1,3,11,1,0,0,693,
1.015,5,0,2,4,101,7,0,4,3,11,1,0,0,693,
1.015,5,0,8,3,101,7,0,7,2,11,1,0,0,461,
1.015,5,0,12,2,101,7,0,9,2,11,1,0,0,461,
1.015,5,0,15,1,101,7,0,11,2,11,1,0,0,461,
1.015,7,0,3,7,101,7,0,1,1,11,1,0,0,229,
1.015,7,0,4,6,101,7,0,2,1,11,1,0,0,229,
1.015,7,0,6,5,101,7,0,3,2,11,1,0,0,461,
1.015,7,0,9,4,101,7,0,5,2,11,1,0,0,461,
1.015,7,0,13,3,101,7,0,7,2,11,1,0,0,461,
1.015,7,0,14,2,101,7,0,9,2,11,1,0,0,461,
1.015,7,0,18,1,101,7,0,11,2,11,1,0,0,461,
1.016,1,0,10,5,101,8,0,1,3,15,1,0,0,693,
1.016,1,0,16,4,101,8,0,4,3,15,1,0,0,693,
1.016,1,0,17,3,101,8,0,7,2,15,1,0,0,461,
1.016,1,0,19,2,101,8,0,9,2,15,1,0,0,461,
1.016,1,0,20,1,101,8,0,11,2,15,1,0,0,461,
1.016,3,0,5,3,101,8,0,1,4,15,1,0,0,926,
1.016,3,0,7,2,101,8,0,5,4,15,1,0,0,926,
1.016,3,0,11,1,101,8,0,9,4,15,1,0,0,926,
1.016,5,0,1,5,101,8,0,1,3,15,1,0,0,693,
1.016,5,0,2,4,101,8,0,4,3,15,1,0,0,693,
1.016,5,0,8,3,101,8,0,7,2,15,1,0,0,461,
1.016,5,0,12,2,101,8,0,9,2,15,1,0,0,461,
1.016,5,0,15,1,101,8,0,11,2,15,1,0,0,461,
1.016,7,0,3,7,101,8,0,1,1,15,1,0,0,229,
1.016,7,0,4,6,101,8,0,2,1,15,1,0,0,229,
1.016,7,0,6,5,101,8,0,3,2,15,1,0,0,461,
1.016,7,0,9,4,101,8,0,5,2,15,1,0,0,461,
1.016,7,0,13,3,101,8,0,7,2,15,1,0,0,461,
1.016,7,0,14,2,101,8,0,9,2,15,1,0,0,461,
1.016,7,0,18,1,101,8,0,11,2,15,1,0,0,461,
1.017,1,0,10,5,101,9,0,1,3,14,1,0,28,23952,
1.017,1,0,16,4,101,9,0,4,3,14,1,0,26,22131,
1.017,1,0,17,3,101,9,0,7,2,14,1,0,28,15970,
1.017,1,0,19,2,101,9,0,9,2,14,1,0,28,15970,
1.017,1,0,20,1,101,9,0,11,2,14,1,0,28,15970,
1.017,3,0,5,3,101,9,0,1,4,14,1,0,28,31937,
1.017,3,0,7,2,101,9,0,5,4,14,1,0,22,22564,
1.017,3,0,11,1,101,9,0,9,4,14,1,0,18,15621,
1.017,5,0,1,5,101,9,0,1,3,14,1,0,20,14320,
1.017,5,0,2,4,101,9,0,4,3,14,1,0,28,23952,
1.017,5,0,8,3,101,9,0,7,2,14,1,0,6,1736,
1.017,5,0,12,2,101,9,0,9,2,14,1,0,20,9547,
1.017,5,0,15,1,101,9,0,11,2,14,1,0,18,7810,
1.017,7,0,3,7,101,9,0,1,1,14,1,0,10,1736,
1.017,7,0,4,6,101,9,0,2,1,14,1,0,28,7985,
1.017,7,0,6,5,101,9,0,3,2,14,1,0,14,5554,
1.017,7,0,9,4,101,9,0,5,2,14,1,0,16,6942,
1.017,7,0,13,3,101,9,0,7,2,14,1,0,28,15970,
1.017,7,0,14,2,101,9,0,9,2,14,1,0,28,15970,
1.017,7,0,18,1,101,9,0,11,2,14,1,0,28,15970,
1.018,1,0,10,5,102,0,0,1,3,13,1,0,28,23952,
1.018,1,0,16,4,102,0,0,4,3,13,1,0,24,19527,
1.018,1,0,17,3,102,0,0,7,2,13,1,0,28,15970,
1.018,1,0,19,2,102,0,0,9,2,13,1,0,28,15970,
1.018,1,0,20,1,102,0,0,11,2,13,1,0,28,15970,
1.018,3,0,5,3,102,0,0,1,4,13,1,0,28,31937,
1.018,3,0,7,2,102,0,0,5,4,13,1,0,22,22564,
1.018,3,0,11,1,102,0,0,9,4,13,1,0,18,15621,
1.018,5,0,1,5,102,0,0,1,3,13,1,0,20,14320,
1.018,5,0,2,4,102,0,0,4,3,13,1,0,28,23952,
1.018,5,0,8,3,102,0,0,7,2,13,1,0,4,1100,
1.018,5,0,12,2,102,0,0,9,2,13,1,0,20,9547,
1.018,5,0,15,1,102,0,0,11,2,13,1,0,18,7810,
1.018,7,0,3,7,102,0,0,1,1,13,1,0,10,1736,
1.018,7,0,4,6,102,0,0,2,1,13,1,0,28,7985,
1.018,7,0,6,5,102,0,0,3,2,13,1,0,16,6942,
1.018,7,0,9,4,102,0,0,5,2,13,1,0,16,6942,
1.018,7,0,13,3,102,0,0,7,2,13,1,0,28,15970,
1.018,7,0,14,2,102,0,0,9,2,13,1,0,28,15970,
1.018,7,0,18,1,102,0,0,11,2,13,1,0,28,15970,
1.019,1,0,10,5,102,1,0,1,3,12,1,0,28,23952,
1.019,1,0,16,4,102,1,0,4,2,12,1,0,24,13017,
1.019,1,0,17,3,102,1,0,6,2,12,1,0,28,15970,
1.019,1,0,19,2,102,1,0,8,2,12,1,0,28,15970,
1.019,1,0,20,1,102,1,0,10,2,12,1,0,28,15970,
1.019,3,0,5,3,102,1,0,1,4,12,1,0,28,31937,
1.019,3,0,7,2,102,1,0,5,4,12,1,0,22,22564,
1.019,3,0,11,1,102,1,0,9,4,12,1,0,18,15621,
1.019,5,0,1,5,102,1,0,1,3,12,1,0,20,14320,
1.019,5,0,2,4,102,1,0,4,3,12,1,0,28,23952,
1.019,5,0,8,3,102,1,0,7,2,12,1,0,4,1100,
1.019,5,0,12,2,102,1,0,9,2,12,1,0,20,9547,
1.019,5,0,15,1,102,1,0,11,2,12,1,0,18,7810,
1.019,7,0,3,7,102,1,0,1,1,12,1,0,12,2142,
1.019,7,0,4,6,102,1,0,2,1,12,1,0,28,7985,
1.019,7,0,6,5,102,1,0,3,1,12,1,0,16,3472,
1.019,7,0,9,4,102,1,0,4,2,12,1,0,16,6942,
1.019,7,0,13,3,102,1,0,6,2,12,1,0,28,15970,
1.019,7,0,14,2,102,1,0,8,2,12,1,0,28,15970,
1.019,7,0,18,1,102,1,0,10,2,12,1,0,28,15970,
1.02,1,0,10,5,102,2,0,1,3,11,1,0,28,23952,
1.02,1,0,16,4,102,2,0,4,3,11,1,0,24,19527,
1.02,1,0,17,3,102,2,0,7,2,11,1,0,28,15970,
1.02,1,0,19,2,102,2,0,9,2,11,1,0,28,15970,
1.02,1,0,20,1,102,2,0,11,2,11,1,0,28,15970,
1.02,3,0,5,3,102,2,0,1,4,11,1,0,28,31937,
1.02,3,0,7,2,102,2,0,5,4,11,1,0,22,22564,
1.02,3,0,11,1,102,2,0,9,4,11,1,0,18,15621,
1.02,5,0,1,5,102,2,0,1,3,11,1,0,20,14320,
1.02,5,0,2,4,102,2,0,4,3,11,1,0,28,23952,
1.02,5,0,8,3,102,2,0,7,2,11,1,0,4,1100,
1.02,5,0,12,2,102,2,0,9,2,11,1,0,20,9547,
1.02,5,0,15,1,102,2,0,11,2,11,1,0,18,7810,
1.02,7,0,3,7,102,2,0,1,1,11,1,0,10,1736,
1.02,7,0,4,6,102,2,0,2,1,11,1,0,28,7985,
1.02,7,0,6,5,102,2,0,3,2,11,1,0,16,6942,
1.02,7,0,9,4,102,2,0,5,2,11,1,0,16,6942,
1.02,7,0,13,3,102,2,0,7,2,11,1,0,28,15970,
1.02,7,0,14,2,102,2,0,9,2,11,1,0,28,15970,
1.02,7,0,18,1,102,2,0,11,2,11,1,0,28,15970,
1.021,1,0,10,5,102,3,0,1,3,15,1,0,28,23952,
1.021,1,0,16,4,102,3,0,4,3,15,1,0,24,19527,
1.021,1,0,17,3,102,3,0,7,2,15,1,0,28,15970,
1.021,1,0,19,2,102,3,0,9,2,15,1,0,28,15970,
1.021,1,0,20,1,102,3,0,11,2,15,1,0,28,15970,
1.021,3,0,5,3,102,3,0,1,3,15,1,0,28,23952,
1.021,3,0,7,2,102,3,0,4,4,15,1,0,22,22564,
1.021,3,0,11,1,102,3,0,8,4,15,1,0,18,15621,
1.021,5,0,1,5,102,3,0,1,3,15,1,0,20,14320,
1.021,5,0,2,4,102,3,0,4,2,15,1,0,28,15970,
1.021,5,0,8,3,102,3,0,6,2,15,1,0,4,1100,
1.021,5,0,12,2,102,3,0,8,2,15,1,0,20,9547,
1.021,5,0,15,1,102,3,0,10,2,15,1,0,18,7810,
1.021,7,0,3,7,102,3,0,1,1,15,1,0,12,2142,
1.021,7,0,4,6,102,3,0,2,1,15,1,0,28,7985,
1.021,7,0,6,5,102,3,0,3,2,15,1,0,16,6942,
1.021,7,0,9,4,102,3,0,5,2,15,1,0,16,6942,
1.021,7,0,13,3,102,3,0,7,2,15,1,0,28,15970,
1.021,7,0,14,2,102,3,0,9,2,15,1,0,28,15970,
1.021,7,0,18,1,102,3,0,11,2,15,1,0,28,15970,
1.022,3,0,5,3,102,4,0,1,4,14,1,0,28,31937,
1.022,3,0,7,2,102,4,0,5,4,14,1,0,22,22564,
1.022,3,0,11,1,102,4,0,9,4,14,1,0,18,15621,
1.022,5,0,1,5,102,4,0,1,3,14,1,0,20,14320,
1.022,5,0,2,4,102,4,0,4,3,14,1,0,28,23952,
1.022,5,0,8,3,102,4,0,7,2,14,1,0,4,1100,
1.022,5,0,12,2,102,4,0,9,2,14,1,0,20,9547,
1.022,5,0,15,1,102,4,0,11,2,14,1,0,18,7810,
1.022,7,0,3,7,102,4,0,1,1,14,1,0,10,1736,
1.022,7,0,4,6,102,4,0,2,1,14,1,0,28,7985,
1.022,7,0,6,5,102,4,0,3,2,14,1,0,16,6942,
1.022,7,0,9,4,102,4,0,5,2,14,1,0,16,6942,
1.022,7,0,13,3,102,4,0,7,2,14,1,0,28,15970,
1.022,7,0,14,2,102,4,0,9,2,14,1,0,28,15970,
1.022,7,0,18,1,102,4,0,11,2,14,1,0,28,15970,
1.023,1,0,10,5,102,5,0,1,3,14,1,0,28,23952,
1.023,1,0,16,4,102,5,0,4,3,13,1,0,24,19527,
1.023,1,0,17,3,102,5,0,7,2,14,1,0,28,15970,
1.023,1,0,19,2,102,5,0,9,2,14,1,0,28,15970,
1.023,1,0,20,1,102,5,0,11,2,14,1,0,28,15970,
1.023,3,0,5,3,102,5,0,1,4,13,1,0,28,31937,
1.023,3,0,7,2,102,5,0,5,4,13,1,0,22,22564,
1.023,3,0,11,1,102,5,0,9,4,13,1,0,18,15621,
1.023,5,0,1,5,102,5,0,1,3,13,1,0,20,14320,
1.023,5,0,2,4,102,5,0,4,3,13,1,0,28,23952,
1.023,5,0,8,3,102,5,0,7,2,13,1,0,4,1100,
1.023,5,0,12,2,102,5,0,9,2,13,1,0,20,9547,
1.023,5,0,15,1,102,5,0,11,2,13,1,0,18,7810,
1.023,7,0,3,7,102,5,0,1,1,13,1,0,12,2142,
1.023,7,0,4,6,102,5,0,2,1,13,1,0,28,7985,
1.023,7,0,6,5,102,5,0,3,2,13,1,0,16,6942,
1.023,7,0,9,4,102,5,0,5,2,13,1,0,16,6942,
1.023,7,0,13,3,102,5,0,7,2,13,1,0,28,15970,
1.023,7,0,14,2,102,5,0,9,2,13,1,0,28,15970,
1.023,7,0,18,1,102,5,0,11,2,13,1,0,28,15970,
1.024,1,0,10,5,102,6,0,1,3,13,1,0,28,23952,
1.024,1,0,16,4,102,6,0,4,3,12,1,0,24,19527,
1.024,1,0,17,3,102,6,0,7,2,13,1,0,28,15970,
1.024,1,0,19,2,102,6,0,9,2,13,1,0,28,15970,
1.024,1,0,20,1,102,6,0,11,2,13,1,0,28,15970,
1.024,3,0,5,3,102,6,0,1,4,12,1,0,28,31937,
1.024,3,0,7,2,102,6,0,5,4,12,1,0,22,22564,
1.024,3,0,11,1,102,6,0,9,4,12,1,0,18,15621,
1.024,5,0,1,5,102,6,0,1,3,12,1,0,20,14320,
1.024,5,0,2,4,102,6,0,4,3,12,1,0,28,23952,
1.024,5,0,8,3,102,6,0,7,2,12,1,0,4,1100,
1.024,5,0,12,2,102,6,0,9,2,12,1,0,20,9547,
1.024,5,0,15,1,102,6,0,11,2,12,1,0,18,7810,
1.025,1,0,10,5,102,7,0,1,3,12,1,0,28,23952,
1.025,1,0,16,4,102,7,0,4,3,11,1,0,24,19527,
1.025,1,0,17,3,102,7,0,7,2,12,1,0,28,15970,
1.025,1,0,19,2,102,7,0,9,2,12,1,0,28,15970,
1.025,1,0,20,1,102,7,0,11,2,12,1,0,28,15970,
1.025,3,0,5,3,102,7,0,1,4,11,1,0,28,31937,
1.025,3,0,7,2,102,7,0,5,4,11,1,0,24,26034,
1.025,3,0,11,1,102,7,0,9,4,11,1,0,18,15621,
1.025,5,0,1,5,102,7,0,1,3,11,1,0,20,14320,
1.025,5,0,2,4,102,7,0,4,3,11,1,0,28,23952,
1.025,5,0,8,3,102,7,0,7,2,11,1,0,6,1736,
1.025,5,0,12,2,102,7,0,9,2,11,1,0,20,9547,
1.025,5,0,15,1,102,7,0,11,2,11,1,0,28,15970,
1.025,7,0,3,7,102,7,0,1,1,12,1,0,12,2142,
1.025,7,0,4,6,102,7,0,2,1,12,1,0,28,7985,
1.025,7,0,6,5,102,7,0,3,2,11,1,0,14,5554,
1.025,7,0,9,4,102,7,0,5,2,12,1,0,16,6942,
1.025,7,0,13,3,102,7,0,7,2,12,1,0,28,15970,
1.025,7,0,14,2,102,7,0,9,2,12,1,0,28,15970,
1.025,7,0,18,1,102,7,0,11,2,12,1,0,28,15970,
1.026,1,0,10,5,102,8,0,1,3,15,1,0,28,23952,
1.026,1,0,16,4,102,8,0,4,3,15,1,0,24,19527,
1.026,1,0,17,3,102,8,0,7,2,15,1,0,28,15970,
1.026,1,0,19,2,102,8,0,9,2,15,1,0,28,15970,
1.026,1,0,20,1,102,8,0,11,2,15,1,0,28,15970,
1.026,5,0,1,5,102,8,0,1,3,15,1,0,20,14320,
1.026,5,0,2,4,102,8,0,4,3,15,1,0,28,23952,
1.026,5,0,8,3,102,8,0,7,2,15,1,0,4,1100,
1.026,5,0,12,2,102,8,0,9,2,15,1,0,20,9547,
1.026,5,0,15,1,102,8,0,11,2,15,1,0,18,7810,
1.027,1,0,10,5,102,9,0,1,3,11,1,0,28,23952,
1.027,1,0,16,4,102,9,0,4,3,14,1,0,26,22131,
1.027,1,0,17,3,102,9,0,7,2,11,1,0,28,15970,
1.027,1,0,19,2,102,9,0,9,2,11,1,0,28,15970,
1.027,1,0,20,1,102,9,0,11,2,11,1,0,28,15970,
1.027,3,0,5,3,102,9,0,1,4,15,1,0,28,31937,
1.027,3,0,7,2,102,9,0,5,4,14,1,0,20,19094,
1.027,3,0,11,1,102,9,0,9,4,15,1,0,18,15621,
1.027,5,0,1,5,102,9,0,1,3,14,1,0,20,14320,
1.027,5,0,2,4,102,9,0,4,3,14,1,0,28,23952,
1.027,5,0,8,3,102,9,0,7,2,14,1,0,4,1100,
1.027,5,0,12,2,102,9,0,9,2,14,1,0,20,9547,
1.027,5,0,15,1,102,9,0,11,2,14,1,0,26,14753,
1.027,7,0,3,7,102,9,0,1,1,15,1,0,10,1736,
1.027,7,0,4,6,102,9,0,2,1,15,1,0,28,7985,
1.027,7,0,6,5,102,9,0,3,2,14,1,0,14,5554,
1.027,7,0,9,4,102,9,0,5,2,14,1,0,14,5554,
1.027,7,0,13,3,102,9,0,7,2,15,1,0,28,15970,
1.027,7,0,14,2,102,9,0,9,2,15,1,0,28,15970,
1.027,7,0,18,1,102,9,0,11,2,15,1,0,28,15970,
1.028,1,0,10,5,103,0,0,1,3,14,1,0,28,23952,
1.028,1,0,16,4,103,0,0,4,3,13,1,0,28,23952,
1.028,1,0,17,3,103,0,0,7,2,14,1,0,28,15970,
1.028,1,0,19,2,103,0,0,9,2,14,1,0,28,15970,
1.028,1,0,20,1,103,0,0,11,2,14,1,0,28,15970,
1.028,3,0,5,3,103,0,0,1,3,14,1,0,28,23952,
1.028,3,0,7,2,103,0,0,4,4,13,1,0,24,26034,
1.028,3,0,11,1,103,0,0,8,4,14,1,0,18,15621,
1.028,5,0,1,5,103,0,0,1,3,13,1,0,24,19527,
1.028,5,0,2,4,103,0,0,4,3,13,1,0,28,23952,
1.028,5,0,8,3,103,0,0,7,2,13,1,0,6,1736,
1.028,5,0,12,2,103,0,0,9,2,13,1,0,20,9547,
1.028,5,0,15,1,103,0,0,11,2,13,1,0,18,7810,
1.028,7,0,3,7,103,0,0,1,1,14,1,0,14,2778,
1.028,7,0,4,6,103,0,0,2,1,14,1,0,28,7985,
1.028,7,0,6,5,103,0,0,3,2,13,1,0,22,11283,
1.028,7,0,9,4,103,0,0,5,2,13,1,0,18,7810,
1.028,7,0,13,3,103,0,0,7,2,14,1,0,28,15970,
1.028,7,0,14,2,103,0,0,9,2,14,1,0,28,15970,
1.028,7,0,18,1,103,0,0,11,2,14,1,0,28,15970,
1.029,1,0,10,5,103,1,0,1,3,13,1,0,28,23952,
1.029,1,0,16,4,103,1,0,4,3,12,1,0,24,19527,
1.029,1,0,17,3,103,1,0,7,2,13,1,0,28,15970,
1.029,1,0,19,2,103,1,0,9,2,13,1,0,28,15970,
1.029,1,0,20,1,103,1,0,11,2,13,1,0,28,15970,
1.029,3,0,5,3,103,1,0,1,4,13,1,0,28,31937,
1.029,3,0,7,2,103,1,0,5,4,12,1,0,22,22564,
1.029,3,0,11,1,103,1,0,9,4,13,1,0,18,15621,
1.029,5,0,1,5,103,1,0,1,3,12,1,0,20,14320,
1.029,5,0,2,4,103,1,0,4,3,12,1,0,28,23952,
1.029,5,0,8,3,103,1,0,7,2,12,1,0,4,1100,
1.029,5,0,12,2,103,1,0,9,2,12,1,0,20,9547,
1.029,5,0,15,1,103,1,0,11,2,12,1,0,18,7810,
1.029,7,0,3,7,103,1,0,1,1,13,1,0,12,2142,
1.029,7,0,4,6,103,1,0,2,1,13,1,0,28,7985,
1.029,7,0,6,5,103,1,0,3,2,12,1,0,16,6942,
1.029,7,0,9,4,103,1,0,5,2,11,1,0,16,6942,
1.029,7,0,13,3,103,1,0,7,2,13,1,0,28,15970,
1.029,7,0,14,2,103,1,0,9,2,13,1,0,28,15970,
1.029,7,0,18,1,103,1,0,11,2,13,1,0,28,15970,
1.03,1,0,10,5,103,2,0,1,3,12,1,0,28,23952,
1.03,1,0,16,4,103,2,0,4,3,11,1,0,26,22131,
1.03,1,0,17,3,103,2,0,7,2,12,1,0,28,15970,
1.03,1,0,19,2,103,2,0,9,2,12,1,0,28,15970,
1.03,1,0,20,1,103,2,0,11,2,12,1,0,28,15970,
1.03,7,0,3,7,103,2,0,1,1,12,1,0,12,2142,
1.03,7,0,4,6,103,2,0,2,1,12,1,0,28,7985,
1.03,7,0,6,5,103,2,0,3,2,11,1,0,26,14753,
1.03,7,0,9,4,103,2,0,5,2,12,1,0,16,6942,
1.03,7,0,13,3,103,2,0,7,2,12,1,0,28,15970,
1.03,7,0,14,2,103,2,0,9,2,12,1,0,28,15970,
1.03,7,0,18,1,103,2,0,11,2,12,1,0,28,15970,
1.031,1,0,10,5,103,3,0,1,3,15,1,0,28,23952,
1.031,1,0,16,4,103,3,0,4,3,15,1,0,24,19527,
1.031,1,0,17,3,103,3,0,7,2,15,1,0,28,15970,
1.031,1,0,19,2,103,3,0,9,2,15,1,0,28,15970,
1.031,1,0,20,1,103,3,0,11,2,15,1,0,28,15970,
1.031,3,0,5,3,103,3,0,1,4,12,1,0,28,31937,
1.031,3,0,7,2,103,3,0,5,4,15,1,0,22,22564,
1.031,3,0,11,1,103,3,0,9,4,12,1,0,18,15621,
1.031,7,0,3,7,103,3,0,1,1,11,1,0,10,1736,
1.031,7,0,4,6,103,3,0,2,1,11,1,0,28,7985,
1.031,7,0,6,5,103,3,0,3,2,15,1,0,16,6942,
1.031,7,0,9,4,103,3,0,5,2,15,1,0,16,6942,
1.031,7,0,13,3,103,3,0,7,2,11,1,0,28,15970,
1.031,7,0,14,2,103,3,0,9,2,11,1,0,28,15970,
1.031,7,0,18,1,103,3,0,11,2,11,1,0,28,15970,
1.032,3,0,5,3,103,4,0,1,4,15,1,0,28,31937,
1.032,3,0,7,2,103,4,0,5,4,14,1,0,24,26034,
1.032,3,0,11,1,103,4,0,9,4,15,1,0,18,15621,
1.032,7,0,3,7,103,4,0,1,1,15,1,0,10,1736,
1.032,7,0,4,6,103,4,0,2,1,15,1,0,28,7985,
1.032,7,0,6,5,103,4,0,3,2,14,1,0,22,11283,
1.032,7,0,9,4,103,4,0,5,2,14,1,0,20,9547,
1.032,7,0,13,3,103,4,0,7,2,15,1,0,28,15970,
1.032,7,0,14,2,103,4,0,9,2,15,1,0,28,15970,
1.032,7,0,18,1,103,4,0,11,2,15,1,0,28,15970,
1.034,1,0,10,5,103,6,0,1,3,14,1,0,28,23952,
1.034,1,0,16,4,103,6,0,4,3,12,1,0,26,22131,
1.034,1,0,17,3,103,6,0,7,2,14,1,0,28,15970,
1.034,1,0,19,2,103,6,0,9,2,14,1,0,28,15970,
1.034,1,0,20,1,103,6,0,11,2,14,1,0,28,15970,
1.034,3,0,5,3,103,6,0,1,4,14,1,0,28,31937,
1.034,3,0,7,2,103,6,0,5,4,12,1,0,20,19094,
1.034,3,0,11,1,103,6,0,9,4,14,1,0,18,15621,
1.034,5,0,1,5,103,6,0,1,3,14,1,0,20,14320,
1.034,5,0,2,4,103,6,0,4,3,15,1,0,28,23952,
1.034,5,0,8,3,103,6,0,7,2,15,1,0,6,1736,
1.034,5,0,12,2,103,6,0,9,2,15,1,0,20,9547,
1.034,5,0,15,1,103,6,0,11,2,15,1,0,18,7810,
1.035,3,0,5,3,103,7,0,1,4,13,1,0,28,31937,
1.035,3,0,7,2,103,7,0,5,4,11,1,0,22,22564,
1.035,3,0,11,1,103,7,0,9,4,13,1,0,18,15621,
1.035,5,0,1,5,103,7,0,1,3,12,1,0,20,14320,
1.035,5,0,2,4,103,7,0,4,3,14,1,0,28,23952,
1.035,5,0,8,3,103,7,0,7,2,14,1,0,4,1100,
1.035,5,0,12,2,103,7,0,9,2,14,1,0,20,9547,
1.035,5,0,15,1,103,7,0,11,2,13,1,0,18,7810,
1.036,1,0,10,5,103,8,0,1,3,15,1,0,26,22131,
1.036,1,0,16,4,103,8,0,4,3,15,1,0,24,19527,
1.036,1,0,17,3,103,8,0,7,2,15,1,0,28,15970,
1.036,1,0,19,2,103,8,0,9,2,15,1,0,28,15970,
1.036,1,0,20,1,103,8,0,11,2,15,1,0,28,15970,
1.036,3,0,5,3,103,8,0,1,4,12,1,0,28,31937,
1.036,3,0,7,2,103,8,0,5,4,15,1,0,22,22564,
1.036,3,0,11,1,103,8,0,9,4,12,1,0,18,15621,
1.036,5,0,1,5,103,8,0,1,3,15,1,0,20,14320,
1.036,5,0,2,4,103,8,0,4,2,13,1,0,28,15970,
1.036,5,0,8,3,103,8,0,6,2,13,1,0,0,461,
1.036,5,0,12,2,103,8,0,8,2,13,1,0,20,9547,
1.036,5,0,15,1,103,8,0,10,2,12,1,0,28,15970,
1.037,1,0,10,5,103,9,0,1,3,13,1,0,28,23952,
1.037,1,0,16,4,103,9,0,4,3,14,1,0,24,19527,
1.037,1,0,17,3,103,9,0,7,2,13,1,0,28,15970,
1.037,1,0,19,2,103,9,0,9,2,13,1,0,28,15970,
1.037,1,0,20,1,103,9,0,11,2,13,1,0,28,15970,
1.037,3,0,5,3,103,9,0,1,4,15,1,0,28,31937,
1.037,3,0,7,2,103,9,0,5,4,14,1,0,22,22564,
1.037,3,0,11,1,103,9,0,9,4,15,1,0,22,22564,
1.037,5,0,1,5,103,9,0,1,3,11,1,0,22,16922,
1.037,5,0,2,4,103,9,0,4,3,12,1,0,28,23952,
1.037,5,0,8,3,103,9,0,7,2,12,1,0,0,461,
1.037,5,0,12,2,103,9,0,9,2,12,1,0,20,9547,
1.037,5,0,15,1,103,9,0,11,2,14,1,0,28,15970,
1.038,1,0,10,5,104,0,0,1,3,11,1,0,28,23952,
1.038,1,0,16,4,104,0,0,4,3,13,1,0,28,23952,
1.038,1,0,17,3,104,0,0,7,2,12,1,0,28,15970,
1.038,1,0,19,2,104,0,0,9,2,12,1,0,28,15970,
1.038,1,0,20,1,104,0,0,11,2,12,1,0,28,15970,
1.038,3,0,5,3,104,0,0,1,4,11,1,0,28,31937,
1.038,3,0,7,2,104,0,0,5,4,13,1,0,24,26034,
1.038,3,0,11,1,104,0,0,9,4,11,1,0,26,29506,
1.038,5,0,1,5,104,0,0,1,3,13,1,0,22,16922,
1.038,5,0,2,4,104,0,0,4,3,11,1,0,28,23952,
1.038,5,0,8,3,104,0,0,7,2,11,1,0,0,461,
1.038,5,0,12,2,104,0,0,9,2,11,1,0,20,9547,
1.038,5,0,15,1,104,0,0,11,2,11,1,0,24,13017,
1.038,7,0,3,7,104,0,0,1,1,15,1,0,22,5641,
1.038,7,0,4,6,104,0,0,2,1,15,1,0,28,7985,
1.038,7,0,6,5,104,0,0,3,2,15,1,0,22,11283,
1.038,7,0,9,4,104,0,0,5,2,13,1,0,18,7810,
1.038,7,0,13,3,104,0,0,7,2,15,1,0,28,15970,
1.038,7,0,14,2,104,0,0,9,2,15,1,0,28,15970,
1.038,7,0,18,1,104,0,0,11,2,15,1,0,28,15970,
1.039,1,0,10,5,104,1,0,1,3,14,1,0,28,23952,
1.039,1,0,16,4,104,1,0,4,3,12,1,0,28,23952,
1.039,1,0,17,3,104,1,0,7,2,14,1,0,28,15970,
1.039,1,0,19,2,104,1,0,9,2,14,1,0,28,15970,
1.039,1,0,20,1,104,1,0,11,2,14,1,0,28,15970,
1.039,3,0,5,3,104,1,0,1,4,14,1,0,28,31937,
1.039,3,0,7,2,104,1,0,5,4,12,1,0,20,19094,
1.039,3,0,11,1,104,1,0,9,4,14,1,0,26,29506,
1.039,7,0,3,7,104,1,0,1,1,14,1,0,18,3905,
1.039,7,0,4,6,104,1,0,2,1,14,1,0,28,7985,
1.039,7,0,6,5,104,1,0,3,2,14,1,0,20,9547,
1.039,7,0,9,4,104,1,0,5,2,11,1,0,6,1736,
1.039,7,0,13,3,104,1,0,7,2,14,1,0,28,15970,
1.039,7,0,14,2,104,1,0,9,2,14,1,0,28,15970,
1.039,7,0,18,1,104,1,0,11,2,14,1,0,28,15970,
1.04,1,0,10,5,104,2,0,1,3,12,1,0,28,23952,
1.04,1,0,16,4,104,2,0,4,3,11,1,0,26,22131,
1.04,1,0,17,3,104,2,0,7,2,11,1,0,28,15970,
1.04,1,0,19,2,104,2,0,9,2,11,1,0,28,15970,
1.04,1,0,20,1,104,2,0,11,2,11,1,0,28,15970,
1.04,3,0,5,3,104,2,0,1,4,13,1,0,28,31937,
1.04,3,0,7,2,104,2,0,5,4,11,1,0,22,22564,
1.04,3,0,11,1,104,2,0,9,4,13,1,0,18,15621,
1.04,7,0,3,7,104,2,0,1,1,13,1,0,18,3905,
1.04,7,0,4,6,104,2,0,2,1,13,1,0,28,7985,
1.04,7,0,6,5,104,2,0,3,1,13,1,0,20,4773,
1.04,7,0,9,4,104,2,0,4,2,12,1,0,26,14753,
1.04,7,0,13,3,104,2,0,6,2,13,1,0,28,15970,
1.04,7,0,14,2,104,2,0,8,2,13,1,0,28,15970,
1.04,7,0,18,1,104,2,0,10,2,13,1,0,28,15970,
1.041,1,0,10,5,104,3,0,1,3,15,1,0,28,23952,
1.041,1,0,16,4,104,3,0,4,3,15,1,0,26,22131,
1.041,1,0,17,3,104,3,0,7,2,15,1,0,28,15970,
1.041,1,0,19,2,104,3,0,9,2,15,1,0,28,15970,
1.041,1,0,20,1,104,3,0,11,2,15,1,0,28,15970,
1.041,3,0,5,3,104,3,0,1,4,12,1,0,28,31937,
1.041,3,0,7,2,104,3,0,5,4,15,1,0,24,26034,
1.041,3,0,11,1,104,3,0,9,4,12,1,0,18,15621,
1.041,7,0,3,7,104,3,0,1,1,12,1,0,18,3905,
1.041,7,0,4,6,104,3,0,2,1,12,1,0,28,7985,
1.041,7,0,6,5,104,3,0,3,2,12,1,0,14,5554,
1.041,7,0,9,4,104,3,0,5,2,15,1,0,18,7810,
1.041,7,0,13,3,104,3,0,7,2,12,1,0,28,15970,
1.041,7,0,14,2,104,3,0,9,2,12,1,0,28,15970,
1.041,7,0,18,1,104,3,0,11,2,12,1,0,28,15970,
1.042,1,0,10,5,104,4,0,1,3,13,1,0,28,23952,
1.042,1,0,16,4,104,4,0,4,3,14,1,0,26,22131,
1.042,1,0,17,3,104,4,0,7,2,13,1,0,28,15970,
1.042,1,0,19,2,104,4,0,9,2,13,1,0,28,15970,
1.042,1,0,20,1,104,4,0,11,2,13,1,0,28,15970,
1.042,7,0,3,7,104,4,0,1,1,11,1,0,18,3905,
1.042,7,0,4,6,104,4,0,2,1,11,1,0,28,7985,
1.042,7,0,6,5,104,4,0,3,2,11,1,0,14,5554,
1.042,7,0,9,4,104,4,0,5,2,14,1,0,26,14753,
1.042,7,0,13,3,104,4,0,7,2,11,1,0,28,15970,
1.042,7,0,14,2,104,4,0,9,2,11,1,0,28,15970,
1.042,7,0,18,1,104,4,0,11,2,11,1,0,28,15970,
1.044,5,0,1,5,104,6,0,1,3,15,1,0,20,14320,
1.044,5,0,2,4,104,6,0,4,3,15,1,0,28,23952,
1.044,5,0,8,3,104,6,0,7,2,15,1,0,4,1100,
1.044,5,0,12,2,104,6,0,9,2,15,1,0,20,9547,
1.044,5,0,15,1,104,6,0,11,2,15,1,0,18,7810,
1.045,3,0,5,3,104,7,0,1,4,15,1,0,28,31937,
1.045,3,0,7,2,104,7,0,5,4,14,1,0,22,22564,
1.045,3,0,11,1,104,7,0,9,4,13,1,0,22,22564,
1.045,5,0,1,5,104,7,0,1,3,14,1,0,20,14320,
1.045,5,0,2,4,104,7,0,4,3,14,1,0,28,23952,
1.045,5,0,8,3,104,7,0,7,2,14,1,0,4,1100,
1.045,5,0,12,2,104,7,0,9,2,14,1,0,28,15970,
1.045,5,0,15,1,104,7,0,11,2,13,1,0,18,7810,
1.046,5,0,1,5,104,8,0,1,3,12,1,0,20,14320,
1.046,5,0,2,4,104,8,0,4,3,13,1,0,28,23952,
1.046,5,0,8,3,104,8,0,7,2,13,1,0,4,1100,
1.046,5,0,12,2,104,8,0,9,2,13,1,0,28,15970,
1.046,5,0,15,1,104,8,0,11,2,12,1,0,18,7810,
1.047,3,0,5,3,104,9,0,1,4,14,1,0,28,31937,
1.047,3,0,7,2,104,9,0,5,4,12,1,0,22,22564,
1.047,3,0,11,1,104,9,0,9,4,15,1,0,24,26034,
1.047,5,0,1,5,104,9,0,1,3,11,1,0,20,14320,
1.047,5,0,2,4,104,9,0,4,3,12,1,0,28,23952,
1.047,5,0,8,3,104,9,0,7,2,12,1,0,4,1100,
1.047,5,0,12,2,104,9,0,9,2,12,1,0,28,15970,
1.047,5,0,15,1,104,9,0,11,2,14,1,0,28,15970,
1.048,1,0,10,5,105,0,0,1,3,11,1,0,24,19527,
1.048,1,0,16,4,105,0,0,4,3,13,1,0,24,19527,
1.048,1,0,17,3,105,0,0,7,2,15,1,0,28,15970,
1.048,1,0,19,2,105,0,0,9,2,15,1,0,28,15970,
1.048,1,0,20,1,105,0,0,11,2,15,1,0,28,15970,
1.048,3,0,5,3,105,0,0,1,4,13,1,0,28,31937,
1.048,3,0,7,2,105,0,0,5,4,13,1,0,22,22564,
1.048,3,0,11,1,105,0,0,9,4,12,1,0,22,22564,
1.048,5,0,1,5,105,0,0,1,3,13,1,0,18,11716,
1.048,5,0,2,4,105,0,0,4,3,11,1,0,28,23952,
1.048,5,0,8,3,105,0,0,7,2,11,1,0,4,1100,
1.048,5,0,12,2,105,0,0,9,2,11,1,0,20,9547,
1.048,5,0,15,1,105,0,0,11,2,11,1,0,28,15970,
1.049,1,0,10,5,105,1,0,1,3,14,1,0,24,19527,
1.049,1,0,16,4,105,1,0,4,3,12,1,0,28,23952,
1.049,1,0,17,3,105,1,0,7,2,14,1,0,28,15970,
1.049,1,0,19,2,105,1,0,9,2,14,1,0,28,15970,
1.049,1,0,20,1,105,1,0,11,2,14,1,0,28,15970,
1.049,3,0,5,3,105,1,0,1,4,12,1,0,28,31937,
1.049,3,0,7,2,105,1,0,5,4,11,1,0,20,19094,
1.049,3,0,11,1,105,1,0,9,4,14,1,0,22,22564,
1.049,5,0,1,5,105,1,0,1,3,15,1,0,12,6422,
1.049,5,0,2,4,105,1,0,4,3,15,1,0,28,23952,
1.049,5,0,8,3,105,1,0,7,2,15,1,0,4,1100,
1.049,5,0,12,2,105,1,0,9,2,15,1,0,20,9547,
1.049,5,0,15,1,105,1,0,11,2,15,1,0,18,7810,
1.049,7,0,3,7,105,1,0,1,1,14,1,0,14,2778,
1.049,7,0,4,6,105,1,0,2,1,15,1,0,28,7985,
1.049,7,0,6,5,105,1,0,3,2,15,1,0,20,9547,
1.049,7,0,9,4,105,1,0,5,2,13,1,0,6,1736,
1.049,7,0,13,3,105,1,0,7,2,15,1,0,28,15970,
1.049,7,0,14,2,105,1,0,9,2,15,1,0,28,15970,
1.049,7,0,18,1,105,1,0,11,2,15,1,0,28,15970,
1.05,1,0,10,5,105,2,0,1,3,12,1,0,26,22131,
1.05,1,0,16,4,105,2,0,4,3,11,1,0,28,23952,
1.05,1,0,17,3,105,2,0,7,2,13,1,0,28,15970,
1.05,1,0,19,2,105,2,0,9,2,13,1,0,28,15970,
1.05,1,0,20,1,105,2,0,11,2,13,1,0,28,15970,
1.05,7,0,3,7,105,2,0,1,1,13,1,0,22,5641,
1.05,7,0,4,6,105,2,0,2,1,14,1,0,28,7985,
1.05,7,0,6,5,105,2,0,3,2,14,1,0,20,9547,
1.05,7,0,9,4,105,2,0,5,2,12,1,0,6,1736,
1.05,7,0,13,3,105,2,0,7,2,14,1,0,28,15970,
1.05,7,0,14,2,105,2,0,9,2,14,1,0,28,15970,
1.05,7,0,18,1,105,2,0,11,2,14,1,0,28,15970,
1.051,1,0,10,5,105,3,0,1,3,15,1,0,28,23952,
1.051,1,0,16,4,105,3,0,4,3,15,1,0,26,22131,
1.051,1,0,17,3,105,3,0,7,2,12,1,0,28,15970,
1.051,1,0,19,2,105,3,0,9,2,12,1,0,28,15970,
1.051,1,0,20,1,105,3,0,11,2,12,1,0,28,15970,
1.051,3,0,5,3,105,3,0,1,4,15,1,0,28,31937,
1.051,3,0,7,2,105,3,0,5,4,15,1,0,22,22564,
1.051,3,0,11,1,105,3,0,9,4,11,1,0,18,15621,
1.052,1,0,10,5,105,4,0,1,3,13,1,0,28,23952,
1.052,1,0,16,4,105,4,0,4,3,14,1,0,28,23952,
1.052,1,0,17,3,105,4,0,7,2,11,1,0,28,15970,
1.052,1,0,19,2,105,4,0,9,2,11,1,0,28,15970,
1.052,1,0,20,1,105,4,0,11,2,11,1,0,28,15970,
1.053,1,0,10,5,105,5,0,1,3,11,1,0,28,23952,
1.053,1,0,16,4,105,5,0,4,3,13,1,0,28,23952,
1.053,1,0,17,3,105,5,0,7,2,15,1,0,28,15970,
1.053,1,0,19,2,105,5,0,9,2,15,1,0,28,15970,
1.053,1,0,20,1,105,5,0,11,2,15,1,0,28,15970,
1.053,5,0,1,5,105,5,0,1,3,14,1,0,22,16922,
1.053,5,0,2,4,105,5,0,4,3,14,1,0,28,23952,
1.053,5,0,8,3,105,5,0,7,2,14,1,0,4,1100,
1.053,5,0,12,2,105,5,0,9,2,11,1,0,20,9547,
1.053,5,0,15,1,105,5,0,11,2,13,1,0,22,11283,
1.053,7,0,3,7,105,5,0,1,1,15,1,0,22,5641,
1.053,7,0,4,6,105,5,0,2,1,13,1,0,28,7985,
1.053,7,0,6,5,105,5,0,3,2,13,1,0,14,5554,
1.053,7,0,9,4,105,5,0,5,2,11,1,0,6,1736,
1.053,7,0,13,3,105,5,0,7,2,13,1,0,28,15970,
1.053,7,0,14,2,105,5,0,9,2,13,1,0,28,15970,
1.053,7,0,18,1,105,5,0,11,2,13,1,0,28,15970,
1.054,5,0,1,5,105,6,0,1,3,15,1,0,22,16922,
1.054,5,0,2,4,105,6,0,4,3,15,1,0,28,23952,
1.054,5,0,8,3,105,6,0,7,2,15,1,0,4,1100,
1.054,5,0,12,2,105,6,0,9,2,15,1,0,20,9547,
1.054,5,0,15,1,105,6,0,11,2,15,1,0,28,15970,
1.055,3,0,5,3,105,7,0,1,4,14,1,0,28,31937,
1.055,3,0,7,2,105,7,0,5,4,14,1,0,22,22564,
1.055,3,0,11,1,105,7,0,9,4,13,1,0,18,15621,
1.055,5,0,1,5,105,7,0,1,3,13,1,0,20,14320,
1.055,5,0,2,4,105,7,0,4,3,13,1,0,28,23952,
1.055,5,0,8,3,105,7,0,7,2,13,1,0,4,1100,
1.055,5,0,12,2,105,7,0,9,2,14,1,0,20,9547,
1.055,5,0,15,1,105,7,0,11,2,12,1,0,18,7810,
1.056,3,0,5,3,105,8,0,1,4,15,1,0,28,31937,
1.056,3,0,7,2,105,8,0,5,4,15,1,0,22,22564,
1.056,3,0,11,1,105,8,0,9,4,11,1,0,22,22564,
1.056,5,0,1,5,105,8,0,1,3,12,1,0,20,14320,
1.056,5,0,2,4,105,8,0,4,3,12,1,0,28,23952,
1.056,5,0,8,3,105,8,0,7,2,12,1,0,4,1100,
1.056,5,0,12,2,105,8,0,9,2,13,1,0,26,14753,
1.056,5,0,15,1,105,8,0,11,2,11,1,0,18,7810,
1.056,7,0,3,7,105,8,0,1,1,12,1,0,12,2142,
1.056,7,0,4,6,105,8,0,2,1,15,1,0,28,7985,
1.056,7,0,6,5,105,8,0,3,2,12,1,0,14,5554,
1.056,7,0,9,4,105,8,0,5,2,15,1,0,14,5554,
1.056,7,0,13,3,105,8,0,7,2,15,1,0,28,15970,
1.056,7,0,14,2,105,8,0,9,2,15,1,0,28,15970,
1.056,7,0,18,1,105,8,0,11,2,15,1,0,28,15970,
1.057,3,0,5,3,105,9,0,1,4,13,1,0,28,31937,
1.057,3,0,7,2,105,9,0,5,4,13,1,0,22,22564,
1.057,3,0,11,1,105,9,0,9,4,15,1,0,24,26034,
1.057,7,0,3,7,105,9,0,1,1,11,1,0,12,2142,
1.057,7,0,4,6,105,9,0,2,1,14,1,0,28,7985,
1.057,7,0,6,5,105,9,0,3,2,11,1,0,14,5554,
1.057,7,0,9,4,105,9,0,5,2,14,1,0,20,9547,
1.057,7,0,13,3,105,9,0,7,2,14,1,0,28,15970,
1.057,7,0,14,2,105,9,0,9,2,14,1,0,28,15970,
1.057,7,0,18,1,105,9,0,11,2,14,1,0,28,15970,
1.058,3,0,5,3,106,0,0,1,4,12,1,0,28,31937,
1.058,3,0,7,2,106,0,0,5,4,12,1,0,22,22564,
1.058,3,0,11,1,106,0,0,9,4,12,1,0,22,22564,
1.059,1,0,10,5,106,1,0,1,3,14,1,0,26,22131,
1.059,1,0,16,4,106,1,0,4,3,15,1,0,26,22131,
1.059,1,0,17,3,106,1,0,7,2,15,1,0,28,15970,
1.059,1,0,19,2,106,1,0,9,2,15,1,0,28,15970,
1.059,1,0,20,1,106,1,0,11,2,15,1,0,28,15970,
1.059,3,0,5,3,106,1,0,1,4,11,1,0,28,31937,
1.059,3,0,7,2,106,1,0,5,4,11,1,0,22,22564,
1.059,3,0,11,1,106,1,0,9,4,14,1,0,24,26034,
1.059,7,0,3,7,106,1,0,1,1,14,1,0,12,2142,
1.059,7,0,4,6,106,1,0,2,1,13,1,0,28,7985,
1.059,7,0,6,5,106,1,0,3,2,15,1,0,16,6942,
1.059,7,0,9,4,106,1,0,5,2,13,1,0,16,6942,
1.059,7,0,13,3,106,1,0,7,2,13,1,0,28,15970,
1.059,7,0,14,2,106,1,0,9,2,13,1,0,28,15970,
1.059,7,0,18,1,106,1,0,11,2,13,1,0,28,15970,
1.06,1,0,10,5,106,2,0,1,3,12,1,0,26,22131,
1.06,1,0,16,4,106,2,0,4,3,12,1,0,28,23952,
1.06,1,0,17,3,106,2,0,7,2,14,1,0,28,15970,
1.06,1,0,19,2,106,2,0,9,2,14,1,0,28,15970,
1.06,1,0,20,1,106,2,0,11,2,14,1,0,28,15970,
1.06,3,0,5,3,106,2,0,1,4,14,1,0,28,31937,
1.06,3,0,7,2,106,2,0,5,4,14,1,0,22,22564,
1.06,3,0,11,1,106,2,0,9,4,13,1,0,24,26034,
1.06,5,0,1,5,106,2,0,1,3,15,1,0,22,16922,
1.06,5,0,2,4,106,2,0,4,3,15,1,0,28,23952,
1.06,5,0,8,3,106,2,0,7,2,15,1,0,12,4282,
1.06,5,0,12,2,106,2,0,9,2,15,1,0,22,11283,
1.06,5,0,15,1,106,2,0,11,2,14,1,0,24,13017,
1.06,7,0,3,7,106,2,0,1,1,13,1,0,20,4773,
1.06,7,0,4,6,106,2,0,2,1,12,1,0,28,7985,
1.06,7,0,6,5,106,2,0,3,2,14,1,0,16,6942,
1.06,7,0,9,4,106,2,0,5,2,12,1,0,16,6942,
1.06,7,0,13,3,106,2,0,7,2,12,1,0,28,15970,
1.06,7,0,14,2,106,2,0,9,2,12,1,0,28,15970,
1.06,7,0,18,1,106,2,0,11,2,12,1,0,28,15970,
1.061,1,0,10,5,106,3,0,1,3,15,1,0,26,22131,
1.061,1,0,16,4,106,3,0,4,3,11,1,0,28,23952,
1.061,1,0,17,3,106,3,0,7,2,13,1,0,28,15970,
1.061,1,0,19,2,106,3,0,9,2,13,1,0,28,15970,
1.061,1,0,20,1,106,3,0,11,2,13,1,0,28,15970,
1.061,7,0,3,7,106,3,0,1,1,12,1,0,22,5641,
1.061,7,0,4,6,106,3,0,2,1,15,1,0,28,7985,
1.061,7,0,6,5,106,3,0,3,2,13,1,0,22,11283,
1.061,7,0,9,4,106,3,0,5,2,15,1,0,16,6942,
1.061,7,0,13,3,106,3,0,7,2,15,1,0,28,15970,
1.061,7,0,14,2,106,3,0,9,2,15,1,0,28,15970,
1.061,7,0,18,1,106,3,0,11,2,11,1,0,28,15970,
1.062,1,0,10,5,106,4,0,1,3,13,1,0,28,23952,
1.062,1,0,16,4,106,4,0,4,3,14,1,0,28,23952,
1.062,1,0,17,3,106,4,0,7,2,12,1,0,28,15970,
1.062,1,0,19,2,106,4,0,9,2,12,1,0,28,15970,
1.062,1,0,20,1,106,4,0,11,2,12,1,0,28,15970,
1.062,3,0,5,3,106,4,0,1,4,15,1,0,28,31937,
1.062,3,0,7,2,106,4,0,5,4,15,1,0,24,26034,
1.062,3,0,11,1,106,4,0,9,4,15,1,0,18,15621,
1.062,5,0,1,5,106,4,0,1,3,13,1,0,22,16922,
1.062,5,0,2,4,106,4,0,4,3,14,1,0,28,23952,
1.062,5,0,8,3,106,4,0,7,2,14,1,0,4,1100,
1.062,5,0,12,2,106,4,0,9,2,14,1,0,20,9547,
1.062,5,0,15,1,106,4,0,11,2,12,1,0,18,7810,
1.063,1,0,10,5,106,5,0,1,3,11,1,0,26,22131,
1.063,1,0,16,4,106,5,0,4,3,13,1,0,26,22131,
1.063,1,0,17,3,106,5,0,7,2,11,1,0,28,15970,
1.063,1,0,19,2,106,5,0,9,2,11,1,0,28,15970,
1.063,1,0,20,1,106,5,0,11,2,11,1,0,28,15970,
1.063,3,0,5,3,106,5,0,1,4,13,1,0,28,31937,
1.063,3,0,7,2,106,5,0,5,4,13,1,0,22,22564,
1.063,3,0,11,1,106,5,0,9,4,12,1,0,24,26034,
1.063,5,0,1,5,106,5,0,1,3,14,1,0,22,16922,
1.063,5,0,2,4,106,5,0,4,2,13,1,0,28,15970,
1.063,5,0,8,3,106,5,0,6,2,13,1,0,4,1100,
1.063,5,0,12,2,106,5,0,8,2,12,1,0,28,15970,
1.063,5,0,15,1,106,5,0,10,2,13,1,0,18,7810,
1.063,7,0,3,7,106,5,0,1,1,15,1,0,20,4773,
1.063,7,0,4,6,106,5,0,2,1,14,1,0,28,7985,
1.063,7,0,6,5,106,5,0,3,2,12,1,0,20,9547,
1.063,7,0,9,4,106,5,0,5,2,11,1,0,16,6942,
1.063,7,0,13,3,106,5,0,7,2,14,1,0,28,15970,
1.063,7,0,14,2,106,5,0,9,2,14,1,0,28,15970,
1.063,7,0,18,1,106,5,0,11,2,15,1,0,28,15970,
1.064,3,0,5,3,106,6,0,1,4,12,1,0,28,31937,
1.064,3,0,7,2,106,6,0,5,4,12,1,0,22,22564,
1.064,3,0,11,1,106,6,0,9,4,14,1,0,22,22564,
1.064,5,0,1,5,106,6,0,1,3,12,1,0,20,14320,
1.064,5,0,2,4,106,6,0,4,3,12,1,0,28,23952,
1.064,5,0,8,3,106,6,0,7,2,12,1,0,4,1100,
1.064,5,0,12,2,106,6,0,9,2,11,1,0,28,15970,
1.064,5,0,15,1,106,6,0,11,2,15,1,0,24,13017,
1.066,3,0,5,3,106,8,0,1,4,14,1,0,28,31937,
1.066,3,0,7,2,106,8,0,5,4,14,1,0,22,22564,
1.066,3,0,11,1,106,8,0,9,4,11,1,0,18,15621,
1.066,5,0,1,5,106,8,0,1,3,11,1,0,20,14320,
1.066,5,0,2,4,106,8,0,4,3,15,1,0,28,23952,
1.066,5,0,8,3,106,8,0,7,2,11,1,0,4,1100,
1.066,5,0,12,2,106,8,0,9,2,13,1,0,20,9547,
1.066,5,0,15,1,106,8,0,11,2,11,1,0,18,7810,
1.067,7,0,3,7,106,9,0,1,1,14,1,0,14,2778,
1.067,7,0,4,6,106,9,0,2,1,15,1,0,28,7985,
1.067,7,0,6,5,106,9,0,3,2,11,1,0,14,5554,
1.067,7,0,9,4,106,9,0,5,2,14,1,0,14,5554,
1.067,7,0,13,3,106,9,0,7,2,15,1,0,28,15970,
1.067,7,0,14,2,106,9,0,9,2,15,1,0,28,15970,
1.067,7,0,18,1,106,9,0,11,2,14,1,0,28,15970,
1.068,3,0,5,3,107,0,0,1,4,15,1,0,28,31937,
1.068,3,0,7,2,107,0,0,5,4,13,1,0,22,22564,
1.068,3,0,11,1,107,0,0,9,4,15,1,0,18,15621,
1.069,1,0,10,5,107,1,0,1,3,15,1,0,28,23952,
1.069,1,0,16,4,107,1,0,4,3,15,1,0,24,19527,
1.069,1,0,17,3,107,1,0,7,2,15,1,0,28,15970,
1.069,1,0,19,2,107,1,0,9,2,15,1,0,28,15970,
1.069,1,0,20,1,107,1,0,11,2,15,1,0,28,15970,
1.069,7,0,3,7,107,1,0,1,1,11,1,0,12,2142,
1.069,7,0,4,6,107,1,0,2,1,14,1,0,28,7985,
1.069,7,0,6,5,107,1,0,3,2,15,1,0,14,5554,
1.069,7,0,9,4,107,1,0,5,2,13,1,0,14,5554,
1.069,7,0,13,3,107,1,0,7,2,14,1,0,28,15970,
1.069,7,0,14,2,107,1,0,9,2,14,1,0,28,15970,
1.069,7,0,18,1,107,1,0,11,2,15,1,0,28,15970,
1.07,1,0,10,5,107,2,0,1,3,14,1,0,28,23952,
1.07,1,0,16,4,107,2,0,4,3,12,1,0,26,22131,
1.07,1,0,17,3,107,2,0,7,2,14,1,0,28,15970,
1.07,1,0,19,2,107,2,0,9,2,14,1,0,28,15970,
1.07,1,0,20,1,107,2,0,11,2,14,1,0,28,15970,
1.07,3,0,5,3,107,2,0,1,4,13,1,0,28,31937,
1.07,3,0,7,2,107,2,0,5,4,12,1,0,24,26034,
1.07,3,0,11,1,107,2,0,9,4,13,1,0,18,15621,
1.071,1,0,10,5,107,3,0,1,3,13,1,0,28,23952,
1.071,1,0,16,4,107,3,0,4,3,11,1,0,28,23952,
1.071,1,0,17,3,107,3,0,7,2,13,1,0,28,15970,
1.071,1,0,19,2,107,3,0,9,2,13,1,0,28,15970,
1.071,1,0,20,1,107,3,0,11,2,13,1,0,28,15970,
1.071,3,0,5,3,107,3,0,1,4,14,1,0,28,31937,
1.071,3,0,7,2,107,3,0,5,4,14,1,0,24,26034,
1.071,3,0,11,1,107,3,0,9,4,12,1,0,24,26034,
1.071,5,0,1,5,107,3,0,1,3,15,1,0,18,11716,
1.071,5,0,2,4,107,3,0,4,3,15,1,0,28,23952,
1.071,5,0,8,3,107,3,0,7,2,14,1,0,6,1736,
1.071,5,0,12,2,107,3,0,9,2,15,1,0,20,9547,
1.071,5,0,15,1,107,3,0,11,2,14,1,0,20,9547,
1.071,7,0,3,7,107,3,0,1,1,12,1,0,16,3472,
1.071,7,0,4,6,107,3,0,2,1,13,1,0,28,7985,
1.071,7,0,6,5,107,3,0,3,2,14,1,0,20,9547,
1.071,7,0,9,4,107,3,0,5,2,15,1,0,8,2546,
1.071,7,0,13,3,107,3,0,7,2,13,1,0,28,15970,
1.071,7,0,14,2,107,3,0,9,2,13,1,0,28,15970,
1.071,7,0,18,1,107,3,0,11,2,13,1,0,28,15970,
1.072,1,0,10,5,107,4,0,1,3,12,1,0,28,23952,
1.072,1,0,16,4,107,4,0,4,2,14,1,0,28,15970,
1.072,1,0,17,3,107,4,0,6,2,12,1,0,28,15970,
1.072,1,0,19,2,107,4,0,8,2,12,1,0,28,15970,
1.072,1,0,20,1,107,4,0,10,2,12,1,0,28,15970,
1.072,3,0,5,3,107,4,0,1,4,12,1,0,28,31937,
1.072,3,0,7,2,107,4,0,5,4,15,1,0,24,26034,
1.072,3,0,11,1,107,4,0,9,4,11,1,0,18,15621,
1.072,5,0,1,5,107,4,0,1,3,13,1,0,22,16922,
1.072,5,0,2,4,107,4,0,4,3,14,1,0,28,23952,
1.072,5,0,8,3,107,4,0,7,2,13,1,0,4,1100,
1.072,5,0,12,2,107,4,0,9,2,14,1,0,20,9547,
1.072,5,0,15,1,107,4,0,11,2,13,1,0,22,11283,
1.072,7,0,3,7,107,4,0,1,1,14,1,0,18,3905,
1.072,7,0,4,6,107,4,0,2,1,15,1,0,28,7985,
1.072,7,0,6,5,107,4,0,3,2,13,1,0,20,9547,
1.072,7,0,9,4,107,4,0,5,2,14,1,0,8,2546,
1.072,7,0,13,3,107,4,0,7,2,15,1,0,28,15970,
1.072,7,0,14,2,107,4,0,9,2,15,1,0,28,15970,
1.072,7,0,18,1,107,4,0,11,2,14,1,0,28,15970,
1.073,1,0,10,5,107,5,0,1,3,11,1,0,28,23952,
1.073,1,0,16,4,107,5,0,4,3,13,1,0,28,23952,
1.073,1,0,17,3,107,5,0,7,2,11,1,0,28,15970,
1.073,1,0,19,2,107,5,0,9,2,11,1,0,28,15970,
1.073,1,0,20,1,107,5,0,11,2,11,1,0,28,15970,
1.073,3,0,5,3,107,5,0,1,4,15,1,0,28,31937,
1.073,3,0,7,2,107,5,0,5,4,13,1,0,22,22564,
1.073,3,0,11,1,107,5,0,9,4,15,1,0,18,15621,
1.073,5,0,1,5,107,5,0,1,3,14,1,0,16,10415,
1.073,5,0,2,4,107,5,0,4,3,13,1,0,28,23952,
1.073,5,0,8,3,107,5,0,7,2,12,1,0,4,1100,
1.073,5,0,12,2,107,5,0,9,2,13,1,0,20,9547,
1.073,5,0,15,1,107,5,0,11,2,12,1,0,22,11283,
1.073,7,0,3,7,107,5,0,1,1,15,1,0,22,5641,
1.073,7,0,4,6,107,5,0,2,1,12,1,0,28,7985,
1.073,7,0,6,5,107,5,0,3,2,12,1,0,22,11283,
1.073,7,0,9,4,107,5,0,5,2,12,1,0,20,9547,
1.073,7,0,13,3,107,5,0,7,2,12,1,0,28,15970,
1.073,7,0,14,2,107,5,0,9,2,12,1,0,28,15970,
1.073,7,0,18,1,107,5,0,11,2,12,1,0,28,15970,
1.074,3,0,5,3,107,6,0,1,4,11,1,0,28,31937,
1.074,3,0,7,2,107,6,0,5,4,11,1,0,24,26034,
1.074,3,0,11,1,107,6,0,9,4,14,1,0,22,22564,
1.074,5,0,1,5,107,6,0,1,3,12,1,0,18,11716,
1.074,5,0,2,4,107,6,0,4,2,12,1,0,28,15970,
1.074,5,0,8,3,107,6,0,6,2,11,1,0,4,1100,
1.074,5,0,12,2,107,6,0,8,2,12,1,0,24,13017,
1.074,5,0,15,1,107,6,0,10,2,15,1,0,22,11283,
1.074,7,0,3,7,107,6,0,1,1,11,1,0,12,2142,
1.074,7,0,4,6,107,6,0,2,1,14,1,0,28,7985,
1.074,7,0,6,5,107,6,0,3,2,15,1,0,18,7810,
1.074,7,0,9,4,107,6,0,5,2,13,1,0,6,1736,
1.074,7,0,13,3,107,6,0,7,2,14,1,0,28,15970,
1.074,7,0,14,2,107,6,0,9,2,14,1,0,28,15970,
1.074,7,0,18,1,107,6,0,11,2,15,1,0,28,15970,
1.075,1,0,10,5,107,7,0,1,3,14,1,0,26,22131,
1.075,1,0,16,4,107,7,0,4,3,15,1,0,26,22131,
1.075,1,0,17,3,107,7,0,7,2,15,1,0,28,15970,
1.075,1,0,19,2,107,7,0,9,2,15,1,0,28,15970,
1.075,1,0,20,1,107,7,0,11,2,15,1,0,28,15970,
1.075,5,0,1,5,107,7,0,1,3,11,1,0,18,11716,
1.075,5,0,2,4,107,7,0,4,3,11,1,0,28,23952,
1.075,5,0,8,3,107,7,0,7,2,15,1,0,4,1100,
1.075,5,0,12,2,107,7,0,9,2,11,1,0,16,6942,
1.075,5,0,15,1,107,7,0,11,2,11,1,0,28,15970,
1.075,7,0,3,7,107,7,0,1,1,13,1,0,12,2142,
1.075,7,0,4,6,107,7,0,2,1,11,1,0,28,7985,
1.075,7,0,6,5,107,7,0,3,2,11,1,0,14,5554,
1.075,7,0,9,4,107,7,0,5,2,11,1,0,16,6942,
1.075,7,0,13,3,107,7,0,7,2,11,1,0,28,15970,
1.075,7,0,14,2,107,7,0,9,2,11,1,0,28,15970,
1.075,7,0,18,1,107,7,0,11,2,11,1,0,28,15970,
1.077,3,0,5,3,107,9,0,1,4,14,1,0,28,31937,
1.077,3,0,7,2,107,9,0,5,4,15,1,0,22,22564,
1.077,3,0,11,1,107,9,0,9,4,13,1,0,18,15621,
1.078,3,0,5,3,108,0,0,1,4,15,1,0,28,31937,
1.078,3,0,7,2,108,0,0,5,4,13,1,0,24,26034,
1.078,3,0,11,1,108,0,0,9,4,15,1,0,18,15621,
1.079,1,0,10,5,108,1,0,1,3,15,1,0,28,23952,
1.079,1,0,16,4,108,1,0,4,3,12,1,0,24,19527,
1.079,1,0,17,3,108,1,0,7,2,14,1,0,28,15970,
1.079,1,0,19,2,108,1,0,9,2,14,1,0,28,15970,
1.079,1,0,20,1,108,1,0,11,2,14,1,0,28,15970,
1.079,3,0,5,3,108,1,0,1,4,13,1,0,28,31937,
1.079,3,0,7,2,108,1,0,5,4,11,1,0,22,22564,
1.079,3,0,11,1,108,1,0,9,4,14,1,0,18,15621,
1.079,7,0,3,7,108,1,0,1,1,11,1,0,12,2142,
1.079,7,0,4,6,108,1,0,2,1,15,1,0,28,7985,
1.079,7,0,6,5,108,1,0,3,2,15,1,0,14,5554,
1.079,7,0,9,4,108,1,0,5,2,15,1,0,16,6942,
1.079,7,0,13,3,108,1,0,7,2,15,1,0,28,15970,
1.079,7,0,14,2,108,1,0,9,2,15,1,0,28,15970,
1.079,7,0,18,1,108,1,0,11,2,15,1,0,28,15970,
1.08,1,0,10,5,108,2,0,1,3,14,1,0,28,23952,
1.08,1,0,16,4,108,2,0,4,3,15,1,0,24,19527,
1.08,1,0,17,3,108,2,0,7,2,15,1,0,28,15970,
1.08,1,0,19,2,108,2,0,9,2,15,1,0,28,15970,
1.08,1,0,20,1,108,2,0,11,2,15,1,0,28,15970,
1.08,3,0,5,3,108,2,0,1,4,12,1,0,28,31937,
1.08,3,0,7,2,108,2,0,5,4,12,1,0,24,26034,
1.08,3,0,11,1,108,2,0,9,4,11,1,0,26,29506,
1.081,1,0,10,5,108,3,0,1,3,13,1,0,28,23952,
1.081,1,0,16,4,108,3,0,4,3,11,1,0,26,22131,
1.081,1,0,17,3,108,3,0,7,2,13,1,0,28,15970,
1.081,1,0,19,2,108,3,0,9,2,13,1,0,28,15970,
1.081,1,0,20,1,108,3,0,11,2,13,1,0,28,15970,
1.081,3,0,5,3,108,3,0,1,4,11,1,0,28,31937,
1.081,3,0,7,2,108,3,0,5,4,14,1,0,24,26034,
1.081,3,0,11,1,108,3,0,9,4,12,1,0,26,29506,
1.081,5,0,1,5,108,3,0,1,3,15,1,0,20,14320,
1.081,5,0,2,4,108,3,0,4,3,15,1,0,28,23952,
1.081,5,0,8,3,108,3,0,7,2,15,1,0,8,2546,
1.081,5,0,12,2,108,3,0,9,2,15,1,0,22,11283,
1.081,5,0,15,1,108,3,0,11,2,15,1,0,18,7810,
1.081,7,0,3,7,108,3,0,1,1,12,1,0,10,1736,
1.081,7,0,4,6,108,3,0,2,1,14,1,0,28,7985,
1.081,7,0,6,5,108,3,0,3,2,14,1,0,14,5554,
1.081,7,0,9,4,108,3,0,5,2,14,1,0,16,6942,
1.081,7,0,13,3,108,3,0,7,2,14,1,0,28,15970,
1.081,7,0,14,2,108,3,0,9,2,14,1,0,28,15970,
1.081,7,0,18,1,108,3,0,11,2,14,1,0,28,15970,
1.082,1,0,10,5,108,4,0,1,3,12,1,0,28,23952,
1.082,1,0,16,4,108,4,0,4,3,14,1,0,28,23952,
1.082,1,0,17,3,108,4,0,7,2,12,1,0,28,15970,
1.082,1,0,19,2,108,4,0,9,2,12,1,0,28,15970,
1.082,1,0,20,1,108,4,0,11,2,12,1,0,28,15970,
1.082,3,0,5,3,108,4,0,1,2,14,1,0,28,15970,
1.082,3,0,7,2,108,4,0,3,5,15,1,0,22,28206,
1.082,3,0,11,1,108,4,0,8,5,13,1,0,24,32544,
1.082,5,0,1,5,108,4,0,1,3,14,1,0,20,14320,
1.082,5,0,2,4,108,4,0,4,3,14,1,0,28,23952,
1.082,5,0,8,3,108,4,0,7,2,14,1,0,8,2546,
1.082,5,0,12,2,108,4,0,9,2,14,1,0,22,11283,
1.082,5,0,15,1,108,4,0,11,2,14,1,0,18,7810,
1.082,7,0,3,7,108,4,0,1,1,14,1,0,18,3905,
1.082,7,0,4,6,108,4,0,2,1,13,1,0,28,7985,
1.082,7,0,6,5,108,4,0,3,2,13,1,0,16,6942,
1.082,7,0,9,4,108,4,0,5,2,13,1,0,16,6942,
1.082,7,0,13,3,108,4,0,7,2,13,1,0,28,15970,
1.082,7,0,14,2,108,4,0,9,2,13,1,0,28,15970,
1.082,7,0,18,1,108,4,0,11,2,13,1,0,28,15970,
1.083,1,0,10,5,108,5,0,1,3,11,1,0,28,23952,
1.083,1,0,16,4,108,5,0,4,3,13,1,0,28,23952,
1.083,1,0,17,3,108,5,0,7,2,11,1,0,28,15970,
1.083,1,0,19,2,108,5,0,9,2,11,1,0,28,15970,
1.083,1,0,20,1,108,5,0,11,2,11,1,0,28,15970,
1.083,3,0,7,2,108,5,0,1,6,13,1,0,24,39051,
1.083,3,0,11,1,108,5,0,7,6,15,1,0,22,33844,
1.083,5,0,1,5,108,5,0,1,3,13,1,0,20,14320,
1.083,5,0,2,4,108,5,0,4,3,13,1,0,28,23952,
1.083,5,0,8,3,108,5,0,7,2,13,1,0,8,2546,
1.083,5,0,12,2,108,5,0,9,2,13,1,0,22,11283,
1.083,5,0,15,1,108,5,0,11,2,13,1,0,22,11283,
1.083,7,0,3,7,108,5,0,1,1,15,1,0,20,4773,
1.083,7,0,4,6,108,5,0,2,1,12,1,0,28,7985,
1.083,7,0,6,5,108,5,0,3,2,12,1,0,18,7810,
1.083,7,0,9,4,108,5,0,5,2,12,1,0,16,6942,
1.083,7,0,13,3,108,5,0,7,2,12,1,0,28,15970,
1.083,7,0,14,2,108,5,0,9,2,12,1,0,28,15970,
1.083,7,0,18,1,108,5,0,11,2,12,1,0,28,15970,
1.084,3,0,7,2,108,6,0,1,6,11,1,0,24,39051,
1.084,3,0,11,1,108,6,0,7,6,14,1,0,26,44260,
1.084,5,0,1,5,108,6,0,1,3,12,1,0,20,14320,
1.084,5,0,2,4,108,6,0,4,3,12,1,0,28,23952,
1.084,5,0,8,3,108,6,0,7,2,12,1,0,8,2546,
1.084,5,0,12,2,108,6,0,9,2,12,1,0,22,11283,
1.084,5,0,15,1,108,6,0,11,2,12,1,0,18,7810,
1.085,5,0,1,5,108,7,0,1,3,11,1,0,20,14320,
1.085,5,0,2,4,108,7,0,4,3,11,1,0,28,23952,
1.085,5,0,8,3,108,7,0,7,2,11,1,0,8,2546,
1.085,5,0,12,2,108,7,0,9,2,11,1,0,28,15970,
1.085,5,0,15,1,108,7,0,11,2,11,1,0,18,7810,
1.085,7,0,3,7,108,7,0,1,1,13,1,0,12,2142,
1.085,7,0,4,6,108,7,0,2,1,15,1,0,28,7985,
1.085,7,0,6,5,108,7,0,3,2,15,1,0,14,5554,
1.085,7,0,9,4,108,7,0,5,2,11,1,0,14,5554,
1.085,7,0,13,3,108,7,0,7,2,15,1,0,28,15970,
1.085,7,0,14,2,108,7,0,9,2,15,1,0,28,15970,
1.085,7,0,18,1,108,7,0,11,2,15,1,0,28,15970,
1.086,7,0,3,7,108,8,0,1,1,12,1,0,20,4773,
1.086,7,0,4,6,108,8,0,2,1,14,1,0,28,7985,
1.086,7,0,6,5,108,8,0,3,2,14,1,0,14,5554,
1.086,7,0,9,4,108,8,0,5,2,14,1,0,14,5554,
1.086,7,0,13,3,108,8,0,7,2,14,1,0,28,15970,
1.086,7,0,14,2,108,8,0,9,2,14,1,0,28,15970,
1.086,7,0,18,1,108,8,0,11,2,14,1,0,28,15970,
1.089,1,0,10,5,109,1,0,1,3,15,1,0,28,23952,
1.089,1,0,16,4,109,1,0,4,3,15,1,0,26,22131,
1.089,1,0,17,3,109,1,0,7,2,15,1,0,28,15970,
1.089,1,0,19,2,109,1,0,9,2,15,1,0,28,15970,
1.089,1,0,20,1,109,1,0,11,2,15,1,0,28,15970,
1.089,7,0,3,7,109,1,0,1,1,11,1,0,10,1736,
1.089,7,0,4,6,109,1,0,2,1,13,1,0,28,7985,
1.089,7,0,6,5,109,1,0,3,2,11,1,0,14,5554,
1.089,7,0,9,4,109,1,0,5,2,15,1,0,14,5554,
1.089,7,0,13,3,109,1,0,7,2,13,1,0,28,15970,
1.089,7,0,14,2,109,1,0,9,2,13,1,0,28,15970,
1.089,7,0,18,1,109,1,0,11,2,13,1,0,28,15970,
1.09,1,0,10,5,109,2,0,1,3,14,1,0,28,23952,
1.09,1,0,16,4,109,2,0,4,3,12,1,0,26,22131,
1.09,1,0,17,3,109,2,0,7,2,14,1,0,28,15970,
1.09,1,0,19,2,109,2,0,9,2,14,1,0,28,15970,
1.09,1,0,20,1,109,2,0,11,2,14,1,0,28,15970,
1.09,3,0,7,2,109,2,0,1,6,12,1,0,24,39051,
1.09,3,0,11,1,109,2,0,7,6,11,1,0,18,23432,
1.09,7,0,3,7,109,2,0,1,1,13,1,0,10,1736,
1.09,7,0,4,6,109,2,0,2,1,15,1,0,28,7985,
1.09,7,0,6,5,109,2,0,3,1,15,1,0,14,2778,
1.09,7,0,9,4,109,2,0,4,2,13,1,0,18,7810,
1.09,7,0,13,3,109,2,0,6,2,15,1,0,28,15970,
1.09,7,0,14,2,109,2,0,8,2,15,1,0,28,15970,
1.09,7,0,18,1,109,2,0,10,2,15,1,0,28,15970,
1.091,1,0,10,5,109,3,0,1,3,13,1,0,28,23952,
1.091,1,0,16,4,109,3,0,4,2,11,1,0,26,14753,
1.091,1,0,17,3,109,3,0,6,2,13,1,0,28,15970,
1.091,1,0,19,2,109,3,0,8,2,13,1,0,28,15970,
1.091,1,0,20,1,109,3,0,10,2,13,1,0,28,15970,
1.091,3,0,7,2,109,3,0,1,5,14,1,0,20,23865,
1.091,3,0,11,1,109,3,0,6,6,12,1,0,18,23432,
1.091,5,0,1,5,109,3,0,1,3,15,1,0,22,16922,
1.091,5,0,2,4,109,3,0,4,3,15,1,0,28,23952,
1.091,5,0,8,3,109,3,0,7,2,15,1,0,10,3472,
1.091,5,0,12,2,109,3,0,9,2,15,1,0,22,11283,
1.091,5,0,15,1,109,3,0,11,2,15,1,0,18,7810,
1.091,7,0,3,7,109,3,0,1,1,12,1,0,12,2142,
1.091,7,0,4,6,109,3,0,2,1,14,1,0,28,7985,
1.091,7,0,6,5,109,3,0,3,2,14,1,0,22,11283,
1.091,7,0,9,4,109,3,0,5,2,14,1,0,20,9547,
1.091,7,0,13,3,109,3,0,7,2,14,1,0,28,15970,
1.091,7,0,14,2,109,3,0,9,2,14,1,0,28,15970,
1.091,7,0,18,1,109,3,0,11,2,14,1,0,28,15970,
1.092,1,0,10,5,109,4,0,1,3,12,1,0,28,23952,
1.092,1,0,16,4,109,4,0,4,3,14,1,0,26,22131,
1.092,1,0,17,3,109,4,0,7,2,12,1,0,28,15970,
1.092,1,0,19,2,109,4,0,9,2,12,1,0,28,15970,
1.092,1,0,20,1,109,4,0,11,2,12,1,0,28,15970,
1.092,3,0,7,2,109,4,0,1,6,15,1,0,22,33844,
1.092,3,0,11,1,109,4,0,7,6,13,1,0,22,33844,
1.092,5,0,1,5,109,4,0,1,3,14,1,0,22,16922,
1.092,5,0,2,4,109,4,0,4,3,14,1,0,28,23952,
1.092,5,0,8,3,109,4,0,7,2,14,1,0,4,1100,
1.092,5,0,12,2,109,4,0,9,2,14,1,0,22,11283,
1.092,5,0,15,1,109,4,0,11,2,14,1,0,18,7810,
1.092,7,0,3,7,109,4,0,1,1,14,1,0,20,4773,
1.092,7,0,4,6,109,4,0,2,1,12,1,0,28,7985,
1.092,7,0,6,5,109,4,0,3,2,13,1,0,22,11283,
1.092,7,0,9,4,109,4,0,5,2,11,1,0,18,7810,
1.092,7,0,13,3,109,4,0,7,2,12,1,0,28,15970,
1.092,7,0,14,2,109,4,0,9,2,12,1,0,28,15970,
1.092,7,0,18,1,109,4,0,11,2,12,1,0,28,15970,
1.093,1,0,10,5,109,5,0,1,3,11,1,0,28,23952,
1.093,1,0,16,4,109,5,0,4,3,13,1,0,26,22131,
1.093,1,0,17,3,109,5,0,7,2,11,1,0,28,15970,
1.093,1,0,19,2,109,5,0,9,2,11,1,0,28,15970,
1.093,1,0,20,1,109,5,0,11,2,11,1,0,28,15970,
1.093,3,0,7,2,109,5,0,1,6,13,1,0,22,33844,
1.093,3,0,11,1,109,5,0,7,6,15,1,0,22,33844,
1.093,5,0,1,5,109,5,0,1,3,13,1,0,22,16922,
1.093,5,0,2,4,109,5,0,4,3,13,1,0,28,23952,
1.093,5,0,8,3,109,5,0,7,2,13,1,0,2,635,
1.093,5,0,12,2,109,5,0,9,2,13,1,0,22,11283,
1.093,5,0,15,1,109,5,0,11,2,13,1,0,18,7810,
1.094,3,0,7,2,109,6,0,1,6,11,1,0,24,39051,
1.094,3,0,11,1,109,6,0,7,6,14,1,0,20,28638,
1.094,5,0,1,5,109,6,0,1,3,12,1,0,14,8333,
1.094,5,0,2,4,109,6,0,4,3,12,1,0,28,23952,
1.094,5,0,8,3,109,6,0,7,2,12,1,0,2,635,
1.094,5,0,12,2,109,6,0,9,2,12,1,0,16,6942,
1.094,5,0,15,1,109,6,0,11,2,12,1,0,20,9547,
1.094,7,0,3,7,109,6,0,1,1,11,1,0,16,3472,
1.094,7,0,4,6,109,6,0,2,1,13,1,0,28,7985,
1.094,7,0,6,5,109,6,0,3,2,12,1,0,20,9547,
1.094,7,0,9,4,109,6,0,5,2,15,1,0,8,2546,
1.094,7,0,13,3,109,6,0,7,2,13,1,0,28,15970,
1.094,7,0,14,2,109,6,0,9,2,13,1,0,28,15970,
1.094,7,0,18,1,109,6,0,11,2,13,1,0,28,15970,
1.095,5,0,1,5,109,7,0,1,3,11,1,0,16,10415,
1.095,5,0,2,4,109,7,0,4,3,11,1,0,28,23952,
1.095,5,0,8,3,109,7,0,7,2,11,1,0,2,635,
1.095,5,0,12,2,109,7,0,9,2,11,1,0,20,9547,
1.095,5,0,15,1,109,7,0,11,2,11,1,0,20,9547,
1.096,1,0,10,5,109,8,0,1,3,13,1,0,26,22131,
1.096,1,0,16,4,109,8,0,4,3,12,1,0,24,19527,
1.096,1,0,17,3,109,8,0,7,2,15,1,0,28,15970,
1.096,1,0,19,2,109,8,0,9,2,15,1,0,28,15970,
1.096,1,0,20,1,109,8,0,11,2,15,1,0,28,15970,
1.096,3,0,7,2,109,8,0,1,6,14,1,0,20,28638,
1.096,3,0,11,1,109,8,0,7,6,12,1,0,24,39051,
1.097,1,0,10,5,109,9,0,1,3,12,1,0,28,23952,
1.097,1,0,16,4,109,9,0,4,3,14,1,0,26,22131,
1.097,1,0,17,3,109,9,0,7,2,14,1,0,28,15970,
1.097,1,0,19,2,109,9,0,9,2,14,1,0,28,15970,
1.097,1,0,20,1,109,9,0,11,2,14,1,0,28,15970,
1.098,1,0,10,5,110,0,0,1,3,11,1,0,28,23952,
1.098,1,0,16,4,110,0,0,4,3,13,1,0,26,22131,
1.098,1,0,17,3,110,0,0,7,2,13,1,0,28,15970,
1.098,1,0,19,2,110,0,0,9,2,13,1,0,28,15970,
1.098,1,0,20,1,110,0,0,11,2,13,1,0,28,15970,
1.098,7,0,3,7,110,0,0,1,1,15,1,0,10,1736,
1.098,7,0,4,6,110,0,0,2,1,15,1,0,28,7985,
1.098,7,0,6,5,110,0,0,3,2,11,1,0,14,5554,
1.098,7,0,9,4,110,0,0,5,2,12,1,0,14,5554,
1.098,7,0,13,3,110,0,0,7,2,15,1,0,28,15970,
1.098,7,0,14,2,110,0,0,9,2,15,1,0,28,15970,
1.098,7,0,18,1,110,0,0,11,2,15,1,0,28,15970,
1.099,1,0,10,5,110,1,0,1,3,15,1,0,28,23952,
1.099,1,0,16,4,110,1,0,4,2,15,1,0,28,15970,
1.099,1,0,17,3,110,1,0,6,2,12,1,0,28,15970,
1.099,1,0,19,2,110,1,0,8,2,12,1,0,28,15970,
1.099,1,0,20,1,110,1,0,10,2,12,1,0,28,15970,
1.1,1,0,10,5,110,2,0,1,3,14,1,0,28,23952,
1.1,1,0,16,4,110,2,0,4,3,11,1,0,28,23952,
1.1,1,0,17,3,110,2,0,7,2,11,1,0,28,15970,
1.1,1,0,19,2,110,2,0,9,2,11,1,0,28,15970,
1.1,1,0,20,1,110,2,0,11,2,11,1,0,28,15970,
1.1,3,0,7,2,110,2,0,1,6,12,1,0,22,33844,
1.1,3,0,11,1,110,2,0,7,6,11,1,0,18,23432,
1.1,5,0,1,5,110,2,0,1,3,12,1,0,18,11716,
1.1,5,0,2,4,110,2,0,4,3,15,1,0,28,23952,
1.1,5,0,8,3,110,2,0,7,2,14,1,0,8,2546,
1.1,5,0,12,2,110,2,0,9,2,12,1,0,20,9547,
1.1,5,0,15,1,110,2,0,11,2,15,1,0,18,7810,
1.1,7,0,3,7,110,2,0,1,1,13,1,0,14,2778,
1.1,7,0,4,6,110,2,0,2,1,14,1,0,28,7985,
1.1,7,0,6,5,110,2,0,3,2,15,1,0,18,7810,
1.1,7,0,9,4,110,2,0,5,2,15,1,0,16,6942,
1.1,7,0,13,3,110,2,0,7,2,14,1,0,28,15970,
1.1,7,0,14,2,110,2,0,9,2,14,1,0,28,15970,
1.1,7,0,18,1,110,2,0,11,2,14,1,0,28,15970,
1.101,1,0,10,5,110,3,0,1,3,13,1,0,28,23952,
1.101,1,0,16,4,110,3,0,4,3,12,1,0,28,23952,
1.101,1,0,17,3,110,3,0,7,2,15,1,0,28,15970,
1.101,1,0,19,2,110,3,0,9,2,15,1,0,28,15970,
1.101,1,0,20,1,110,3,0,11,2,15,1,0,28,15970,
1.102,3,0,7,2,110,4,0,1,3,15,1,0,20,14320,
1.102,3,0,11,1,110,4,0,4,9,13,1,0,20,42956,
1.102,5,0,1,5,110,4,0,1,3,15,1,0,14,8333,
1.102,5,0,2,4,110,4,0,4,3,14,1,0,28,23952,
1.102,5,0,8,3,110,4,0,7,2,13,1,0,0,461,
1.102,5,0,12,2,110,4,0,9,2,15,1,0,22,11283,
1.102,5,0,15,1,110,4,0,11,2,14,1,0,22,11283,
1.103,3,0,11,1,110,5,0,1,10,15,1,0,22,56409,
1.103,5,0,1,5,110,5,0,1,3,14,1,0,14,8333,
1.103,5,0,2,4,110,5,0,4,3,13,1,0,28,23952,
1.103,5,0,8,3,110,5,0,7,2,12,1,0,0,461,
1.103,5,0,12,2,110,5,0,9,2,14,1,0,20,9547,
1.103,5,0,15,1,110,5,0,11,2,13,1,0,22,11283,
1.103,7,0,3,7,110,5,0,1,1,15,1,0,10,1736,
1.103,7,0,4,6,110,5,0,2,1,15,1,0,28,7985,
1.103,7,0,6,5,110,5,0,3,2,14,1,0,22,11283,
1.103,7,0,9,4,110,5,0,5,2,13,1,0,4,1100,
1.103,7,0,13,3,110,5,0,7,2,15,1,0,28,15970,
1.103,7,0,14,2,110,5,0,9,2,15,1,0,28,15970,
1.103,7,0,18,1,110,5,0,11,2,15,1,0,28,15970,
1.104,5,0,1,5,110,6,0,1,3,13,1,0,16,10415,
1.104,5,0,2,4,110,6,0,4,3,12,1,0,28,23952,
1.104,5,0,8,3,110,6,0,7,2,11,1,0,0,461,
1.104,5,0,12,2,110,6,0,9,2,13,1,0,20,9547,
1.104,5,0,15,1,110,6,0,11,2,12,1,0,22,11283,
1.104,7,0,3,7,110,6,0,1,1,12,1,0,12,2142,
1.104,7,0,4,6,110,6,0,2,1,13,1,0,28,7985,
1.104,7,0,6,5,110,6,0,3,2,13,1,0,14,5554,
1.104,7,0,9,4,110,6,0,5,2,12,1,0,14,5554,
1.104,7,0,13,3,110,6,0,7,2,13,1,0,28,15970,
1.104,7,0,14,2,110,6,0,9,2,13,1,0,28,15970,
1.104,7,0,18,1,110,6,0,11,2,13,1,0,28,15970,
1.106,5,0,1,5,110,8,0,1,3,11,1,0,16,10415,
1.106,5,0,2,4,110,8,0,4,3,15,1,0,28,23952,
1.106,5,0,8,3,110,8,0,7,2,15,1,0,6,1736,
1.106,5,0,12,2,110,8,0,9,2,12,1,0,20,9547,
1.106,5,0,15,1,110,8,0,11,2,15,1,0,18,7810,
1.106,7,0,3,7,110,8,0,1,1,11,1,0,10,1736,
1.106,7,0,4,6,110,8,0,2,1,14,1,0,28,7985,
1.106,7,0,6,5,110,8,0,3,2,12,1,0,14,5554,
1.106,7,0,9,4,110,8,0,5,2,15,1,0,14,5554,
1.106,7,0,13,3,110,8,0,7,2,14,1,0,28,15970,
1.106,7,0,14,2,110,8,0,9,2,14,1,0,28,15970,
1.106,7,0,18,1,110,8,0,11,2,14,1,0,28,15970,
1.107,1,0,10,5,110,9,0,1,3,14,1,0,26,22131,
1.107,1,0,16,4,110,9,0,4,3,15,1,0,28,23952,
1.107,1,0,17,3,110,9,0,7,2,15,1,0,28,15970,
1.107,1,0,19,2,110,9,0,9,2,15,1,0,28,15970,
1.107,1,0,20,1,110,9,0,11,2,15,1,0,28,15970,
1.107,7,0,3,7,110,9,0,1,1,14,1,0,10,1736,
1.107,7,0,4,6,110,9,0,2,1,12,1,0,28,7985,
1.107,7,0,6,5,110,9,0,3,2,11,1,0,14,5554,
1.107,7,0,9,4,110,9,0,5,2,14,1,0,22,11283,
1.107,7,0,13,3,110,9,0,7,2,12,1,0,28,15970,
1.107,7,0,14,2,110,9,0,9,2,12,1,0,28,15970,
1.107,7,0,18,1,110,9,0,11,2,12,1,0,28,15970,
1.108,1,0,10,5,111,0,0,1,3,12,1,0,28,23952,
1.108,1,0,16,4,111,0,0,4,3,14,1,0,28,23952,
1.108,1,0,17,3,111,0,0,7,2,14,1,0,28,15970,
1.108,1,0,19,2,111,0,0,9,2,14,1,0,28,15970,
1.108,1,0,20,1,111,0,0,11,2,14,1,0,28,15970,
1.109,1,0,16,4,111,1,0,1,3,13,1,0,28,23952,
1.109,1,0,17,3,111,1,0,4,3,13,1,0,28,23952,
1.109,1,0,19,2,111,1,0,7,3,13,1,0,28,23952,
1.109,1,0,20,1,111,1,0,10,3,13,1,0,28,23952,
1.109,7,0,3,7,111,1,0,1,1,15,1,0,14,2778,
1.109,7,0,4,6,111,1,0,2,1,15,1,0,28,7985,
1.109,7,0,6,5,111,1,0,3,2,13,1,0,20,9547,
1.109,7,0,9,4,111,1,0,5,2,13,1,0,18,7810,
1.109,7,0,13,3,111,1,0,7,2,15,1,0,28,15970,
1.109,7,0,14,2,111,1,0,9,2,15,1,0,28,15970,
1.109,7,0,18,1,111,1,0,11,2,15,1,0,28,15970,
1.11,1,0,16,4,111,2,0,1,3,12,1,0,28,23952,
1.11,1,0,17,3,111,2,0,4,3,12,1,0,28,23952,
1.11,1,0,19,2,111,2,0,7,3,12,1,0,28,23952,
1.11,1,0,20,1,111,2,0,10,3,12,1,0,28,23952,
1.11,5,0,1,5,111,2,0,1,3,15,1,0,24,19527,
1.11,5,0,2,4,111,2,0,4,3,14,1,0,28,23952,
1.11,5,0,8,3,111,2,0,7,2,14,1,0,12,4282,
1.11,5,0,12,2,111,2,0,9,2,14,1,0,28,15970,
1.11,5,0,15,1,111,2,0,11,2,14,1,0,18,7810,
1.11,7,0,3,7,111,2,0,1,1,13,1,0,12,2142,
1.11,7,0,4,6,111,2,0,2,1,13,1,0,28,7985,
1.11,7,0,6,5,111,2,0,3,2,15,1,0,22,11283,
1.11,7,0,9,4,111,2,0,5,2,12,1,0,20,9547,
1.11,7,0,13,3,111,2,0,7,2,13,1,0,28,15970,
1.11,7,0,14,2,111,2,0,9,2,13,1,0,28,15970,
1.11,7,0,18,1,111,2,0,11,2,13,1,0,28,15970,
1.111,1,0,16,4,111,3,0,1,3,11,1,0,28,23952,
1.111,1,0,17,3,111,3,0,4,3,11,1,0,28,23952,
1.111,1,0,19,2,111,3,0,7,3,11,1,0,28,23952,
1.111,1,0,20,1,111,3,0,10,3,11,1,0,28,23952,
1.111,5,0,1,5,111,3,0,1,3,14,1,0,18,11716,
1.111,5,0,2,4,111,3,0,4,3,15,1,0,28,23952,
1.111,5,0,8,3,111,3,0,7,2,15,1,0,8,2546,
1.111,5,0,12,2,111,3,0,9,2,13,1,0,28,15970,
1.111,5,0,15,1,111,3,0,11,2,15,1,0,18,7810,
1.111,7,0,3,7,111,3,0,1,1,12,1,0,18,3905,
1.111,7,0,4,6,111,3,0,2,1,14,1,0,28,7985,
1.111,7,0,6,5,111,3,0,3,2,12,1,0,16,6942,
1.111,7,0,9,4,111,3,0,5,2,15,1,0,20,9547,
1.111,7,0,13,3,111,3,0,7,2,14,1,0,28,15970,
1.111,7,0,14,2,111,3,0,9,2,14,1,0,28,15970,
1.111,7,0,18,1,111,3,0,11,2,14,1,0,28,15970,
1.112,5,0,1,5,111,4,0,1,3,13,1,0,24,19527,
1.112,5,0,2,4,111,4,0,4,3,13,1,0,28,23952,
1.112,5,0,8,3,111,4,0,7,2,13,1,0,12,4282,
1.112,5,0,12,2,111,4,0,9,2,15,1,0,28,15970,
1.112,5,0,15,1,111,4,0,11,2,11,1,0,18,7810,
1.113,5,0,1,5,111,5,0,1,3,12,1,0,24,19527,
1.113,5,0,2,4,111,5,0,4,3,12,1,0,28,23952,
1.113,5,0,8,3,111,5,0,7,2,12,1,0,12,4282,
1.113,5,0,12,2,111,5,0,9,2,12,1,0,28,15970,
1.113,5,0,15,1,111,5,0,11,2,13,1,0,18,7810,
1.113,7,0,3,7,111,5,0,1,1,14,1,0,14,2778,
1.113,7,0,4,6,111,5,0,2,1,12,1,0,28,7985,
1.113,7,0,6,5,111,5,0,3,2,14,1,0,14,5554,
1.113,7,0,9,4,111,5,0,5,2,11,1,0,14,5554,
1.113,7,0,13,3,111,5,0,7,2,12,1,0,28,15970,
1.113,7,0,14,2,111,5,0,9,2,12,1,0,28,15970,
1.113,7,0,18,1,111,5,0,11,2,12,1,0,28,15970,
1.114,1,0,16,4,111,6,0,1,3,14,1,0,26,22131,
1.114,1,0,17,3,111,6,0,4,3,15,1,0,28,23952,
1.114,1,0,19,2,111,6,0,7,3,15,1,0,28,23952,
1.114,1,0,20,1,111,6,0,10,3,15,1,0,28,23952,
1.114,5,0,1,5,111,6,0,1,3,11,1,0,24,19527,
1.114,5,0,2,4,111,6,0,4,3,11,1,0,28,23952,
1.114,5,0,8,3,111,6,0,7,2,11,1,0,12,4282,
1.114,5,0,12,2,111,6,0,9,2,11,1,0,28,15970,
1.114,5,0,15,1,111,6,0,11,2,12,1,0,14,5554,
1.115,1,0,16,4,111,7,0,1,2,13,1,0,28,15970,
1.115,1,0,17,3,111,7,0,3,3,14,1,0,28,23952,
1.115,1,0,19,2,111,7,0,6,3,14,1,0,28,23952,
1.115,1,0,20,1,111,7,0,9,4,14,1,0,28,31937,
1.115,5,0,1,5,111,7,0,1,3,15,1,0,24,19527,
1.115,5,0,2,4,111,7,0,4,3,14,1,0,28,23952,
1.115,5,0,8,3,111,7,0,7,2,14,1,0,12,4282,
1.115,5,0,12,2,111,7,0,9,2,14,1,0,28,15970,
1.115,5,0,15,1,111,7,0,11,2,14,1,0,28,15970,
1.116,1,0,17,3,111,8,0,1,4,13,1,0,28,31937,
1.116,1,0,19,2,111,8,0,5,4,13,1,0,28,31937,
1.116,1,0,20,1,111,8,0,9,4,13,1,0,28,31937,
1.116,5,0,1,5,111,8,0,1,3,14,1,0,24,19527,
1.116,5,0,2,4,111,8,0,4,2,15,1,0,28,15970,
1.116,5,0,8,3,111,8,0,6,2,15,1,0,14,5554,
1.116,5,0,12,2,111,8,0,8,2,13,1,0,28,15970,
1.116,5,0,15,1,111,8,0,10,2,15,1,0,18,7810,
1.117,1,0,17,3,111,9,0,1,4,12,1,0,28,31937,
1.117,1,0,19,2,111,9,0,5,4,12,1,0,28,31937,
1.117,1,0,20,1,111,9,0,9,4,12,1,0,28,31937,
1.117,7,0,3,7,111,9,0,1,1,15,1,0,14,2778,
1.117,7,0,4,6,111,9,0,2,1,15,1,0,28,7985,
1.117,7,0,6,5,111,9,0,3,2,12,1,0,18,7810,
1.117,7,0,9,4,111,9,0,5,2,14,1,0,16,6942,
1.117,7,0,13,3,111,9,0,7,2,15,1,0,28,15970,
1.117,7,0,14,2,111,9,0,9,2,15,1,0,28,15970,
1.117,7,0,18,1,111,9,0,11,2,15,1,0,28,15970,
1.118,1,0,17,3,112,0,0,1,4,11,1,0,28,31937,
1.118,1,0,19,2,112,0,0,5,4,11,1,0,28,31937,
1.118,1,0,20,1,112,0,0,9,4,11,1,0,28,31937,
1.119,1,0,17,3,112,1,0,1,4,15,1,0,28,31937,
1.119,1,0,19,2,112,1,0,5,4,15,1,0,28,31937,
1.119,1,0,20,1,112,1,0,9,4,15,1,0,28,31937,
1.119,7,0,3,7,112,1,0,1,1,13,1,0,12,2142,
1.119,7,0,4,6,112,1,0,2,1,14,1,0,28,7985,
1.119,7,0,6,5,112,1,0,3,2,14,1,0,22,11283,
1.119,7,0,9,4,112,1,0,5,2,13,1,0,20,9547,
1.119,7,0,13,3,112,1,0,7,2,14,1,0,28,15970,
1.119,7,0,14,2,112,1,0,9,2,14,1,0,28,15970,
1.119,7,0,18,1,112,1,0,11,2,14,1,0,28,15970,
1.12,7,0,3,7,112,2,0,1,1,11,1,0,12,2142,
1.12,7,0,4,6,112,2,0,2,1,13,1,0,28,7985,
1.12,7,0,6,5,112,2,0,3,1,15,1,0,26,7378,
1.12,7,0,9,4,112,2,0,4,2,12,1,0,22,11283,
1.12,7,0,13,3,112,2,0,6,2,13,1,0,28,15970,
1.12,7,0,14,2,112,2,0,8,2,13,1,0,28,15970,
1.12,7,0,18,1,112,2,0,10,2,13,1,0,28,15970,
1.121,1,0,17,3,112,3,0,1,4,14,1,0,28,31937,
1.121,1,0,19,2,112,3,0,5,4,14,1,0,28,31937,
1.121,1,0,20,1,112,3,0,9,4,14,1,0,28,31937,
1.121,7,0,3,7,112,3,0,1,1,12,1,0,12,2142,
1.121,7,0,4,6,112,3,0,2,1,12,1,0,28,7985,
1.121,7,0,6,5,112,3,0,3,2,13,1,0,26,14753,
1.121,7,0,9,4,112,3,0,5,2,15,1,0,22,11283,
1.121,7,0,13,3,112,3,0,7,2,12,1,0,28,15970,
1.121,7,0,14,2,112,3,0,9,2,12,1,0,28,15970,
1.121,7,0,18,1,112,3,0,11,2,12,1,0,28,15970,
1.122,1,0,17,3,112,4,0,1,4,13,1,0,28,31937,
1.122,1,0,19,2,112,4,0,5,4,13,1,0,28,31937,
1.122,1,0,20,1,112,4,0,9,4,13,1,0,28,31937,
1.122,5,0,1,5,112,4,0,1,3,13,1,0,22,16922,
1.122,5,0,2,4,112,4,0,4,3,15,1,0,28,23952,
1.122,5,0,8,3,112,4,0,7,2,14,1,0,12,4282,
1.122,5,0,12,2,112,4,0,9,2,15,1,0,26,14753,
1.122,5,0,15,1,112,4,0,11,2,15,1,0,24,13017,
1.123,1,0,17,3,112,5,0,1,4,12,1,0,28,31937,
1.123,1,0,19,2,112,5,0,5,4,12,1,0,28,31937,
1.123,1,0,20,1,112,5,0,9,4,12,1,0,28,31937,
1.123,5,0,1,5,112,5,0,1,3,12,1,0,20,14320,
1.123,5,0,2,4,112,5,0,4,3,14,1,0,28,23952,
1.123,5,0,8,3,112,5,0,7,2,13,1,0,12,4282,
1.123,5,0,12,2,112,5,0,9,2,12,1,0,28,15970,
1.123,5,0,15,1,112,5,0,11,2,13,1,0,24,13017,
1.123,7,0,3,7,112,5,0,1,1,14,1,0,12,2142,
1.123,7,0,4,6,112,5,0,2,1,15,1,0,28,7985,
1.123,7,0,6,5,112,5,0,3,2,12,1,0,18,7810,
1.123,7,0,9,4,112,5,0,5,2,11,1,0,12,4282,
1.123,7,0,13,3,112,5,0,7,2,15,1,0,28,15970,
1.123,7,0,14,2,112,5,0,9,2,15,1,0,28,15970,
1.123,7,0,18,1,112,5,0,11,2,15,1,0,28,15970,
1.124,1,0,17,3,112,6,0,1,4,15,1,0,28,31937,
1.124,1,0,19,2,112,6,0,5,4,15,1,0,28,31937,
1.124,1,0,20,1,112,6,0,9,4,15,1,0,28,31937,
1.124,5,0,1,5,112,6,0,1,3,11,1,0,22,16922,
1.124,5,0,2,4,112,6,0,4,3,13,1,0,28,23952,
1.124,5,0,8,3,112,6,0,7,2,12,1,0,12,4282,
1.124,5,0,12,2,112,6,0,9,2,11,1,0,28,15970,
1.124,5,0,15,1,112,6,0,11,2,12,1,0,24,13017,
1.125,1,0,17,3,112,7,0,1,4,11,1,0,28,31937,
1.125,1,0,19,2,112,7,0,5,4,11,1,0,28,31937,
1.125,1,0,20,1,112,7,0,9,4,11,1,0,28,31937,
1.125,5,0,1,5,112,7,0,1,3,15,1,0,20,14320,
1.125,5,0,2,4,112,7,0,4,3,12,1,0,28,23952,
1.125,5,0,8,3,112,7,0,7,2,11,1,0,12,4282,
1.125,5,0,12,2,112,7,0,9,2,14,1,0,28,15970,
1.125,5,0,15,1,112,7,0,11,2,14,1,0,24,13017,
1.126,1,0,17,3,112,8,0,1,2,14,1,0,28,15970,
1.126,1,0,19,2,112,8,0,3,2,14,1,0,28,15970,
1.126,1,0,20,1,112,8,0,5,1,14,1,0,28,7985,
1.126,5,0,1,5,112,8,0,1,3,14,1,0,22,16922,
1.126,5,0,2,4,112,8,0,4,3,11,1,0,28,23952,
1.126,5,0,8,3,112,8,0,7,2,15,1,0,12,4282,
1.126,5,0,12,2,112,8,0,9,2,13,1,0,28,15970,
1.126,5,0,15,1,112,8,0,11,2,11,1,0,26,14753,
1.127,1,0,20,1,112,9,0,1,1,13,1,0,28,7985,
1.127,5,0,1,5,112,9,0,1,3,13,1,0,18,11716,
1.127,5,0,2,4,112,9,0,4,2,15,1,0,28,15970,
1.127,5,0,8,3,112,9,0,6,3,14,1,0,6,2604,
1.127,5,0,12,2,112,9,0,9,2,15,1,0,28,15970,
1.127,5,0,15,1,112,9,0,11,2,15,1,0,26,14753,
1.127,7,0,3,7,112,9,0,1,1,15,1,0,10,1736,
1.127,7,0,4,6,112,9,0,2,1,14,1,0,28,7985,
1.127,7,0,6,5,112,9,0,3,2,11,1,0,18,7810,
1.127,7,0,9,4,112,9,0,5,2,14,1,0,12,4282,
1.127,7,0,13,3,112,9,0,7,2,14,1,0,28,15970,
1.127,7,0,14,2,112,9,0,9,2,14,1,0,28,15970,
1.127,7,0,18,1,112,9,0,11,2,14,1,0,28,15970,
1.128,7,0,3,7,113,0,0,1,1,14,1,0,20,4773,
1.128,7,0,4,6,113,0,0,2,1,15,1,0,28,7985,
1.128,7,0,6,5,113,0,0,3,1,12,1,0,18,3905,
1.128,7,0,9,4,113,0,0,4,2,11,1,0,8,2546,
1.128,7,0,13,3,113,0,0,6,2,15,1,0,28,15970,
1.128,7,0,14,2,113,0,0,8,2,15,1,0,28,15970,
1.128,7,0,18,1,113,0,0,10,2,15,1,0,28,15970,
1.129,7,0,3,7,113,1,0,1,1,13,1,0,12,2142,
1.129,7,0,4,6,113,1,0,2,1,13,1,0,28,7985,
1.129,7,0,6,5,113,1,0,3,2,14,1,0,20,9547,
1.129,7,0,9,4,113,1,0,5,2,13,1,0,14,5554,
1.129,7,0,13,3,113,1,0,7,2,13,1,0,28,15970,
1.129,7,0,14,2,113,1,0,9,2,13,1,0,28,15970,
1.129,7,0,18,1,113,1,0,11,2,13,1,0,28,15970,
1.13,7,0,3,7,113,2,0,1,1,12,1,0,12,2142,
1.13,7,0,4,6,113,2,0,2,1,12,1,0,28,7985,
1.13,7,0,6,5,113,2,0,3,2,15,1,0,26,14753,
1.13,7,0,9,4,113,2,0,5,2,12,1,0,22,11283,
1.13,7,0,13,3,113,2,0,7,2,12,1,0,28,15970,
1.13,7,0,14,2,113,2,0,9,2,12,1,0,28,15970,
1.13,7,0,18,1,113,2,0,11,2,12,1,0,28,15970,
1.131,7,0,3,7,113,3,0,1,1,11,1,0,12,2142,
1.131,7,0,4,6,113,3,0,2,1,11,1,0,28,7985,
1.131,7,0,6,5,113,3,0,3,2,13,1,0,24,13017,
1.131,7,0,9,4,113,3,0,5,2,15,1,0,24,13017,
1.131,7,0,13,3,113,3,0,7,2,11,1,0,28,15970,
1.131,7,0,14,2,113,3,0,9,2,11,1,0,28,15970,
1.131,7,0,18,1,113,3,0,11,2,11,1,0,28,15970,
1.132,7,0,3,7,113,4,0,1,1,15,1,0,12,2142,
1.132,7,0,4,6,113,4,0,2,1,14,1,0,28,7985,
1.132,7,0,6,5,113,4,0,3,2,11,1,0,28,15970,
1.132,7,0,9,4,113,4,0,5,2,14,1,0,28,15970,
1.132,7,0,13,3,113,4,0,7,2,14,1,0,28,15970,
1.132,7,0,14,2,113,4,0,9,2,14,1,0,28,15970,
1.132,7,0,18,1,113,4,0,11,2,14,1,0,28,15970,
1.133,5,0,1,5,113,5,0,1,3,15,1,0,26,22131,
1.133,5,0,8,3,113,5,0,4,3,15,1,0,14,8333,
1.133,5,0,12,2,113,5,0,7,3,15,1,0,28,23952,
1.133,5,0,15,1,113,5,0,10,3,14,1,0,18,11716,
1.133,7,0,3,7,113,5,0,1,1,14,1,0,14,2778,
1.133,7,0,4,6,113,5,0,2,1,15,1,0,28,7985,
1.133,7,0,6,5,113,5,0,3,2,12,1,0,28,15970,
1.133,7,0,9,4,113,5,0,5,2,11,1,0,22,11283,
1.133,7,0,13,3,113,5,0,7,2,15,1,0,28,15970,
1.133,7,0,14,2,113,5,0,9,2,15,1,0,28,15970,
1.133,7,0,18,1,113,5,0,11,2,15,1,0,28,15970,
1.134,5,0,1,5,113,6,0,1,3,13,1,0,26,22131,
1.134,5,0,8,3,113,6,0,4,3,14,1,0,14,8333,
1.134,5,0,12,2,113,6,0,7,3,12,1,0,28,23952,
1.134,5,0,15,1,113,6,0,10,3,13,1,0,28,23952,
1.134,7,0,3,7,113,6,0,1,1,13,1,0,24,6510,
1.134,7,0,4,6,113,6,0,2,1,13,1,0,28,7985,
1.134,7,0,6,5,113,6,0,3,2,14,1,0,26,14753,
1.134,7,0,9,4,113,6,0,5,2,13,1,0,24,13017,
1.134,7,0,13,3,113,6,0,7,2,13,1,0,28,15970,
1.134,7,0,14,2,113,6,0,9,2,13,1,0,28,15970,
1.134,7,0,18,1,113,6,0,11,2,13,1,0,28,15970,
1.135,5,0,1,5,113,7,0,1,3,12,1,0,24,19527,
1.135,5,0,8,3,113,7,0,4,3,13,1,0,14,8333,
1.135,5,0,12,2,113,7,0,7,3,14,1,0,28,23952,
1.135,5,0,15,1,113,7,0,10,3,12,1,0,28,23952,
1.135,7,0,3,7,113,7,0,1,1,12,1,0,20,4773,
1.135,7,0,4,6,113,7,0,2,1,12,1,0,28,7985,
1.135,7,0,6,5,113,7,0,3,2,15,1,0,26,14753,
1.135,7,0,9,4,113,7,0,5,2,12,1,0,24,13017,
1.135,7,0,13,3,113,7,0,7,2,12,1,0,28,15970,
1.135,7,0,14,2,113,7,0,9,2,12,1,0,28,15970,
1.135,7,0,18,1,113,7,0,11,2,12,1,0,28,15970,
1.136,5,0,1,5,113,8,0,1,3,14,1,0,24,19527,
1.136,5,0,8,3,113,8,0,4,3,12,1,0,14,8333,
1.136,5,0,12,2,113,8,0,7,3,13,1,0,28,23952,
1.136,5,0,15,1,113,8,0,10,3,11,1,0,28,23952,
1.136,7,0,3,7,113,8,0,1,1,11,1,0,24,6510,
1.136,7,0,4,6,113,8,0,2,1,11,1,0,28,7985,
1.136,7,0,6,5,113,8,0,3,2,13,1,0,24,13017,
1.136,7,0,9,4,113,8,0,5,2,15,1,0,24,13017,
1.136,7,0,13,3,113,8,0,7,2,11,1,0,28,15970,
1.136,7,0,14,2,113,8,0,9,2,11,1,0,28,15970,
1.136,7,0,18,1,113,8,0,11,2,11,1,0,28,15970,
1.137,5,0,1,5,113,9,0,1,3,11,1,0,24,19527,
1.137,5,0,8,3,113,9,0,4,3,11,1,0,14,8333,
1.137,5,0,12,2,113,9,0,7,3,11,1,0,28,23952,
1.137,5,0,15,1,113,9,0,10,3,15,1,0,28,23952,
1.142,7,0,3,7,114,4,0,1,1,15,1,0,14,2778,
1.142,7,0,4,6,114,4,0,2,1,15,1,0,28,7985,
1.142,7,0,6,5,114,4,0,3,2,15,1,0,28,15970,
1.142,7,0,9,4,114,4,0,5,2,14,1,0,18,7810,
1.142,7,0,13,3,114,4,0,7,2,15,1,0,28,15970,
1.142,7,0,14,2,114,4,0,9,2,15,1,0,28,15970,
1.142,7,0,18,1,114,4,0,11,2,15,1,0,28,15970,
1.143,5,0,1,5,114,5,0,1,3,15,1,0,20,14320,
1.143,5,0,8,3,114,5,0,4,3,15,1,0,14,8333,
1.143,5,0,12,2,114,5,0,7,3,15,1,0,22,16922,
1.143,5,0,15,1,114,5,0,10,2,14,1,0,24,13017,
1.143,7,0,3,7,114,5,0,1,1,14,1,0,14,2778,
1.143,7,0,4,6,114,5,0,2,1,14,1,0,28,7985,
1.143,7,0,6,5,114,5,0,3,2,14,1,0,28,15970,
1.143,7,0,9,4,114,5,0,5,2,11,1,0,28,15970,
1.143,7,0,13,3,114,5,0,7,2,14,1,0,28,15970,
1.143,7,0,14,2,114,5,0,9,2,14,1,0,28,15970,
1.143,7,0,18,1,114,5,0,11,2,14,1,0,28,15970,
1.144,5,0,1,5,114,6,0,1,3,14,1,0,20,14320,
1.144,5,0,8,3,114,6,0,4,3,14,1,0,22,16922,
1.144,5,0,12,2,114,6,0,7,3,14,1,0,22,16922,
1.144,5,0,15,1,114,6,0,10,3,13,1,0,24,19527,
1.144,7,0,3,7,114,6,0,1,1,13,1,0,14,2778,
1.144,7,0,4,6,114,6,0,2,1,13,1,0,28,7985,
1.144,7,0,6,5,114,6,0,3,2,13,1,0,28,15970,
1.144,7,0,9,4,114,6,0,5,2,13,1,0,24,13017,
1.144,7,0,13,3,114,6,0,7,2,13,1,0,28,15970,
1.144,7,0,14,2,114,6,0,9,2,13,1,0,28,15970,
1.144,7,0,18,1,114,6,0,11,2,13,1,0,28,15970,
1.145,5,0,1,5,114,7,0,1,3,13,1,0,20,14320,
1.145,5,0,8,3,114,7,0,4,3,13,1,0,14,8333,
1.145,5,0,12,2,114,7,0,7,3,13,1,0,22,16922,
1.145,5,0,15,1,114,7,0,10,3,12,1,0,24,19527,
1.145,7,0,3,7,114,7,0,1,1,12,1,0,28,7985,
1.145,7,0,4,6,114,7,0,2,1,12,1,0,28,7985,
1.145,7,0,6,5,114,7,0,3,2,12,1,0,28,15970,
1.145,7,0,9,4,114,7,0,5,2,12,1,0,14,5554,
1.145,7,0,13,3,114,7,0,7,2,12,1,0,28,15970,
1.145,7,0,14,2,114,7,0,9,2,12,1,0,28,15970,
1.145,7,0,18,1,114,7,0,11,2,12,1,0,28,15970,
1.146,5,0,1,5,114,8,0,1,3,12,1,0,20,14320,
1.146,5,0,8,3,114,8,0,4,3,12,1,0,12,6422,
1.146,5,0,12,2,114,8,0,7,3,12,1,0,22,16922,
1.146,5,0,15,1,114,8,0,10,3,11,1,0,24,19527,
1.146,7,0,3,7,114,8,0,1,1,11,1,0,18,3905,
1.146,7,0,4,6,114,8,0,2,1,11,1,0,28,7985,
1.146,7,0,6,5,114,8,0,3,2,11,1,0,28,15970,
1.146,7,0,9,4,114,8,0,5,2,15,1,0,8,2546,
1.146,7,0,13,3,114,8,0,7,2,11,1,0,28,15970,
1.146,7,0,14,2,114,8,0,9,2,11,1,0,28,15970,
1.146,7,0,18,1,114,8,0,11,2,11,1,0,28,15970,
1.147,5,0,1,5,114,9,0,1,3,11,1,0,20,14320,
1.147,5,0,8,3,114,9,0,4,3,11,1,0,12,6422,
1.147,5,0,12,2,114,9,0,7,3,11,1,0,22,16922,
1.147,5,0,15,1,114,9,0,10,3,15,1,0,24,19527,
1.152,5,0,1,5,115,4,0,1,3,15,1,0,26,22131,
1.152,5,0,8,3,115,4,0,4,3,11,1,0,10,5209,
1.152,5,0,12,2,115,4,0,7,3,15,1,0,28,23952,
1.152,5,0,15,1,115,4,0,10,3,15,1,0,28,23952,
1.152,7,0,3,7,115,4,0,1,1,15,1,0,14,2778,
1.152,7,0,4,6,115,4,0,2,1,15,1,0,28,7985,
1.152,7,0,6,5,115,4,0,3,2,15,1,0,28,15970,
1.152,7,0,9,4,115,4,0,5,2,15,1,0,18,7810,
1.152,7,0,13,3,115,4,0,7,2,15,1,0,28,15970,
1.152,7,0,14,2,115,4,0,9,2,15,1,0,28,15970,
1.152,7,0,18,1,115,4,0,11,2,15,1,0,28,15970,
1.153,5,0,1,5,115,5,0,1,3,14,1,0,24,19527,
1.153,5,0,8,3,115,5,0,4,3,15,1,0,14,8333,
1.153,5,0,12,2,115,5,0,7,3,14,1,0,26,22131,
1.153,5,0,15,1,115,5,0,10,3,14,1,0,24,19527,
1.153,7,0,3,7,115,5,0,1,1,14,1,0,24,6510,
1.153,7,0,4,6,115,5,0,2,1,14,1,0,28,7985,
1.153,7,0,6,5,115,5,0,3,2,14,1,0,28,15970,
1.153,7,0,9,4,115,5,0,5,2,14,1,0,18,7810,
1.153,7,0,13,3,115,5,0,7,2,14,1,0,28,15970,
1.153,7,0,14,2,115,5,0,9,2,14,1,0,28,15970,
1.153,7,0,18,1,115,5,0,11,2,14,1,0,28,15970,
1.154,5,0,1,5,115,6,0,1,3,13,1,0,24,19527,
1.154,5,0,8,3,115,6,0,4,3,14,1,0,22,16922,
1.154,5,0,12,2,115,6,0,7,3,13,1,0,26,22131,
1.154,5,0,15,1,115,6,0,10,2,13,1,0,24,13017,
1.154,7,0,3,7,115,6,0,1,1,13,1,0,24,6510,
1.154,7,0,4,6,115,6,0,2,1,13,1,0,28,7985,
1.154,7,0,6,5,115,6,0,3,2,13,1,0,28,15970,
1.154,7,0,9,4,115,6,0,5,2,13,1,0,24,13017,
1.154,7,0,13,3,115,6,0,7,2,13,1,0,28,15970,
1.154,7,0,14,2,115,6,0,9,2,13,1,0,28,15970,
1.154,7,0,18,1,115,6,0,11,2,13,1,0,28,15970,
1.155,5,0,1,5,115,7,0,1,3,12,1,0,24,19527,
1.155,5,0,8,3,115,7,0,4,3,13,1,0,18,11716,
1.155,5,0,12,2,115,7,0,7,3,12,1,0,26,22131,
1.155,5,0,15,1,115,7,0,10,3,12,1,0,24,19527,
1.155,7,0,3,7,115,7,0,1,1,12,1,0,24,6510,
1.155,7,0,4,6,115,7,0,2,1,12,1,0,28,7985,
1.155,7,0,6,5,115,7,0,3,2,12,1,0,28,15970,
1.155,7,0,9,4,115,7,0,5,2,12,1,0,24,13017,
1.155,7,0,13,3,115,7,0,7,2,12,1,0,28,15970,
1.155,7,0,14,2,115,7,0,9,2,12,1,0,28,15970,
1.155,7,0,18,1,115,7,0,11,2,12,1,0,28,15970,
1.156,5,0,1,5,115,8,0,1,3,11,1,0,24,19527,
1.156,5,0,8,3,115,8,0,4,3,12,1,0,22,16922,
1.156,5,0,12,2,115,8,0,7,3,11,1,0,26,22131,
1.156,5,0,15,1,115,8,0,10,3,11,1,0,24,19527,
1.156,7,0,3,7,115,8,0,1,1,11,1,0,22,5641,
1.156,7,0,4,6,115,8,0,2,1,11,1,0,28,7985,
1.156,7,0,6,5,115,8,0,3,2,11,1,0,28,15970,
1.156,7,0,9,4,115,8,0,5,2,11,1,0,24,13017,
1.156,7,0,13,3,115,8,0,7,2,11,1,0,28,15970,
1.156,7,0,14,2,115,8,0,9,2,11,1,0,28,15970,
1.156,7,0,18,1,115,8,0,11,2,11,1,0,28,15970,
1.157,5,0,1,5,115,9,0,1,3,15,1,0,24,19527,
1.157,5,0,8,3,115,9,0,4,3,11,1,0,22,16922,
1.157,5,0,12,2,115,9,0,7,3,15,1,0,26,22131,
1.157,5,0,15,1,115,9,0,10,3,15,1,0,24,19527,
1.157,7,0,3,7,115,9,0,1,1,15,1,0,22,5641,
1.157,7,0,4,6,115,9,0,2,1,15,1,0,28,7985,
1.157,7,0,6,5,115,9,0,3,1,15,1,0,28,7985,
1.157,7,0,9,4,115,9,0,4,2,15,1,0,24,13017,
1.157,7,0,13,3,115,9,0,6,2,15,1,0,28,15970,
1.157,7,0,14,2,115,9,0,8,2,15,1,0,28,15970,
1.157,7,0,18,1,115,9,0,10,2,15,1,0,28,15970,
1.163,5,0,1,5,116,5,0,1,3,15,1,0,26,22131,
1.163,5,0,8,3,116,5,0,4,3,15,1,0,14,8333,
1.163,5,0,12,2,116,5,0,7,3,15,1,0,28,23952,
1.163,5,0,15,1,116,5,0,10,3,15,1,0,28,23952,
1.163,7,0,3,7,116,5,0,1,1,14,1,0,14,2778,
1.163,7,0,4,6,116,5,0,2,1,15,1,0,28,7985,
1.163,7,0,6,5,116,5,0,3,2,15,1,0,28,15970,
1.163,7,0,9,4,116,5,0,5,2,14,1,0,18,7810,
1.163,7,0,13,3,116,5,0,7,2,15,1,0,28,15970,
1.163,7,0,14,2,116,5,0,9,2,15,1,0,28,15970,
1.163,7,0,18,1,116,5,0,11,2,15,1,0,28,15970,
1.164,7,0,3,7,116,6,0,1,1,13,1,0,22,5641,
1.164,7,0,4,6,116,6,0,2,2,14,1,0,28,15970,
1.164,7,0,6,5,116,6,0,4,2,14,1,0,28,15970,
1.164,7,0,9,4,116,6,0,6,2,13,1,0,18,7810,
1.164,7,0,13,3,116,6,0,8,2,14,1,0,28,15970,
1.164,7,0,14,2,116,6,0,10,2,14,1,0,28,15970,
1.164,7,0,18,1,116,6,0,12,1,14,1,0,28,7985,
1.165,7,0,3,7,116,7,0,1,3,12,1,0,16,10415,
1.165,7,0,4,6,116,7,0,4,3,13,1,0,28,23952,
1.165,7,0,6,5,116,7,0,7,3,13,1,0,28,23952,
1.165,7,0,9,4,116,7,0,10,3,12,1,0,8,3821,
1.166,7,0,3,7,116,8,0,1,3,11,1,0,16,10415,
1.166,7,0,4,6,116,8,0,4,3,12,1,0,28,23952,
1.166,7,0,6,5,116,8,0,7,3,12,1,0,28,23952,
1.166,7,0,9,4,116,8,0,10,3,11,1,0,8,3821,
1.167,5,0,1,5,116,9,0,1,3,14,1,0,26,22131,
1.167,5,0,8,3,116,9,0,4,3,11,1,0,10,5209,
1.167,5,0,12,2,116,9,0,7,3,14,1,0,28,23952,
1.167,5,0,15,1,116,9,0,10,3,14,1,0,28,23952,
1.167,7,0,3,7,116,9,0,1,3,15,1,0,16,10415,
1.167,7,0,4,6,116,9,0,4,3,11,1,0,28,23952,
1.167,7,0,6,5,116,9,0,7,3,11,1,0,28,23952,
1.167,7,0,9,4,116,9,0,10,3,15,1,0,8,3821,
1.168,7,0,3,7,117,0,0,1,3,14,1,0,16,10415,
1.168,7,0,4,6,117,0,0,4,3,15,1,0,28,23952,
1.168,7,0,6,5,117,0,0,7,3,15,1,0,28,23952,
1.168,7,0,9,4,117,0,0,10,3,14,1,0,8,3821,
1.169,5,0,1,5,117,1,0,1,3,15,1,0,26,22131,
1.169,5,0,8,3,117,1,0,4,3,14,1,0,8,3821,
1.169,5,0,12,2,117,1,0,7,3,15,1,0,28,23952,
1.169,5,0,15,1,117,1,0,10,3,15,1,0,28,23952,
1.169,7,0,3,7,117,1,0,1,3,13,1,0,14,8333,
1.169,7,0,4,6,117,1,0,4,3,14,1,0,28,23952,
1.169,7,0,6,5,117,1,0,7,3,14,1,0,28,23952,
1.169,7,0,9,4,117,1,0,10,3,13,1,0,18,11716,
1.17,5,0,1,5,117,2,0,1,3,13,1,0,26,22131,
1.17,5,0,8,3,117,2,0,4,3,13,1,0,26,22131,
1.17,5,0,12,2,117,2,0,7,3,13,1,0,28,23952,
1.17,5,0,15,1,117,2,0,10,3,13,1,0,28,23952,
1.17,7,0,3,7,117,2,0,1,3,12,1,0,22,16922,
1.17,7,0,4,6,117,2,0,4,3,13,1,0,28,23952,
1.17,7,0,6,5,117,2,0,7,3,13,1,0,28,23952,
1.17,7,0,9,4,117,2,0,10,2,12,1,0,22,11283,
1.171,5,0,1,5,117,3,0,1,3,12,1,0,26,22131,
1.171,5,0,8,3,117,3,0,4,3,12,1,0,24,19527,
1.171,5,0,12,2,117,3,0,7,3,12,1,0,28,23952,
1.171,5,0,15,1,117,3,0,10,3,12,1,0,28,23952,
1.171,7,0,3,7,117,3,0,1,3,11,1,0,22,16922,
1.171,7,0,4,6,117,3,0,4,3,12,1,0,28,23952,
1.171,7,0,6,5,117,3,0,7,3,12,1,0,28,23952,
1.171,7,0,9,4,117,3,0,10,3,11,1,0,22,16922,
1.173,5,0,1,5,117,5,0,1,3,11,1,0,20,14320,
1.173,5,0,8,3,117,5,0,4,3,15,1,0,18,11716,
1.173,5,0,12,2,117,5,0,7,3,11,1,0,20,14320,
1.173,5,0,15,1,117,5,0,10,3,11,1,0,20,14320,
1.173,7,0,3,7,117,5,0,1,3,14,1,0,14,8333,
1.173,7,0,4,6,117,5,0,4,3,15,1,0,28,23952,
1.173,7,0,6,5,117,5,0,7,3,15,1,0,22,16922,
1.173,7,0,9,4,117,5,0,10,3,15,1,0,22,16922,
1.177,5,0,1,5,117,9,0,1,3,14,1,0,20,14320,
1.177,5,0,8,3,117,9,0,4,3,14,1,0,18,11716,
1.177,5,0,12,2,117,9,0,7,3,14,1,0,20,14320,
1.177,5,0,15,1,117,9,0,10,3,14,1,0,20,14320,
1.177,7,0,3,7,117,9,0,1,3,15,1,0,14,8333,
1.177,7,0,4,6,117,9,0,4,3,14,1,0,28,23952,
1.177,7,0,6,5,117,9,0,7,3,11,1,0,22,16922,
1.177,7,0,9,4,117,9,0,10,3,14,1,0,22,16922,
1.178,5,0,1,5,118,0,0,1,3,11,1,0,12,6422,
1.178,5,0,8,3,118,0,0,4,3,15,1,0,18,11716,
1.178,5,0,12,2,118,0,0,7,3,11,1,0,18,11716,
1.178,5,0,15,1,118,0,0,10,3,13,1,0,18,11716,
1.178,7,0,3,7,118,0,0,1,3,14,1,0,8,3821,
1.178,7,0,4,6,118,0,0,4,3,15,1,0,28,23952,
1.178,7,0,6,5,118,0,0,7,3,15,1,0,26,22131,
1.178,7,0,9,4,118,0,0,10,3,15,1,0,22,16922,
1.179,5,0,1,5,118,1,0,1,3,15,1,0,20,14320,
1.179,5,0,8,3,118,1,0,4,3,11,1,0,18,11716,
1.179,5,0,12,2,118,1,0,7,3,15,1,0,20,14320,
1.179,5,0,15,1,118,1,0,10,3,15,1,0,20,14320,
1.179,7,0,3,7,118,1,0,1,3,13,1,0,14,8333,
1.179,7,0,4,6,118,1,0,4,3,13,1,0,28,23952,
1.179,7,0,6,5,118,1,0,7,3,14,1,0,22,16922,
1.179,7,0,9,4,118,1,0,10,2,13,1,0,22,11283,
1.18,5,0,1,5,118,2,0,1,3,13,1,0,20,14320,
1.18,5,0,8,3,118,2,0,4,3,13,1,0,18,11716,
1.18,5,0,12,2,118,2,0,7,3,13,1,0,22,16922,
1.18,5,0,15,1,118,2,0,10,3,11,1,0,22,16922,
1.181,5,0,1,5,118,3,0,1,3,12,1,0,8,3821,
1.181,5,0,8,3,118,3,0,4,3,12,1,0,6,2604,
1.181,5,0,12,2,118,3,0,7,3,12,1,0,20,14320,
1.181,5,0,15,1,118,3,0,10,2,12,1,0,22,11283,
1.181,7,0,3,7,118,3,0,1,3,11,1,0,2,955,
1.181,7,0,4,6,118,3,0,4,3,12,1,0,28,23952,
1.181,7,0,6,5,118,3,0,7,3,13,1,0,22,16922,
1.181,7,0,9,4,118,3,0,10,3,12,1,0,22,16922,
1.182,5,0,1,5,118,4,0,1,3,14,1,0,14,8333,
1.182,5,0,8,3,118,4,0,4,3,14,1,0,6,2604,
1.182,5,0,12,2,118,4,0,7,3,14,1,0,20,14320,
1.182,5,0,15,1,118,4,0,10,3,14,1,0,20,14320,
1.182,7,0,3,7,118,4,0,1,3,15,1,0,10,5209,
1.182,7,0,4,6,118,4,0,4,3,14,1,0,28,23952,
1.182,7,0,6,5,118,4,0,7,3,12,1,0,26,22131,
1.182,7,0,9,4,118,4,0,10,3,14,1,0,22,16922,
1.183,5,0,1,5,118,5,0,1,3,11,1,0,20,14320,
1.183,5,0,8,3,118,5,0,4,3,15,1,0,18,11716,
1.183,5,0,12,2,118,5,0,7,2,11,1,0,20,9547,
1.183,5,0,15,1,118,5,0,9,4,13,1,0,20,19094,
1.184,5,0,1,5,118,6,0,1,4,15,1,0,20,19094,
1.184,5,0,8,3,118,6,0,5,4,11,1,0,18,15621,
1.184,5,0,15,1,118,6,0,9,4,15,1,0,20,19094,
1.184,7,0,3,7,118,6,0,1,3,14,1,0,14,8333,
1.184,7,0,4,6,118,6,0,4,3,15,1,0,28,23952,
1.184,7,0,6,5,118,6,0,7,3,14,1,0,22,16922,
1.184,7,0,9,4,118,6,0,10,3,15,1,0,22,16922,
1.185,7,0,3,7,118,7,0,1,3,13,1,0,14,8333,
1.185,7,0,4,6,118,7,0,4,3,13,1,0,28,23952,
1.185,7,0,6,5,118,7,0,7,3,11,1,0,22,16922,
1.185,7,0,9,4,118,7,0,10,3,13,1,0,22,16922,
1.186,7,0,3,7,118,8,0,1,3,12,1,0,22,16922,
1.186,7,0,4,6,118,8,0,4,3,12,1,0,28,23952,
1.186,7,0,6,5,118,8,0,7,3,13,1,0,22,16922,
1.186,7,0,9,4,118,8,0,10,3,12,1,0,22,16922,
1.187,5,0,1,5,118,9,0,1,4,14,1,0,20,19094,
1.187,5,0,8,3,118,9,0,5,4,14,1,0,18,15621,
1.187,5,0,15,1,118,9,0,9,4,14,1,0,20,19094,
1.188,7,0,3,7,119,0,0,1,3,15,1,0,14,8333,
1.188,7,0,4,6,119,0,0,4,3,14,1,0,28,23952,
1.188,7,0,6,5,119,0,0,7,3,15,1,0,22,16922,
1.188,7,0,9,4,119,0,0,10,3,14,1,0,22,16922,
1.189,7,0,3,7,119,1,0,1,3,14,1,0,14,8333,
1.189,7,0,4,6,119,1,0,4,3,15,1,0,28,23952,
1.189,7,0,6,5,119,1,0,7,3,14,1,0,28,23952,
1.189,7,0,9,4,119,1,0,10,3,15,1,0,22,16922,
1.19,5,0,1,5,119,2,0,1,4,15,1,0,26,29506,
1.19,5,0,8,3,119,2,0,5,4,13,1,0,16,13885,
1.19,5,0,15,1,119,2,0,9,4,15,1,0,20,19094,
1.19,7,0,3,7,119,2,0,1,3,13,1,0,14,8333,
1.19,7,0,4,6,119,2,0,4,3,13,1,0,28,23952,
1.19,7,0,6,5,119,2,0,7,3,11,1,0,28,23952,
1.19,7,0,9,4,119,2,0,10,3,13,1,0,22,16922,
1.191,5,0,1,5,119,3,0,1,1,13,1,0,26,7378,
1.191,5,0,8,3,119,3,0,2,5,12,1,0,24,32544,
1.191,5,0,15,1,119,3,0,7,6,13,1,0,20,28638,
1.191,7,0,3,7,119,3,0,1,3,12,1,0,22,16922,
1.191,7,0,4,6,119,3,0,4,3,12,1,0,28,23952,
1.191,7,0,6,5,119,3,0,7,3,13,1,0,28,23952,
1.191,7,0,9,4,119,3,0,10,3,12,1,0,22,16922,
1.192,7,0,3,7,119,4,0,1,3,11,1,0,24,19527,
1.192,7,0,4,6,119,4,0,4,3,11,1,0,28,23952,
1.192,7,0,6,5,119,4,0,7,3,12,1,0,26,22131,
1.192,7,0,9,4,119,4,0,10,3,11,1,0,24,19527,
1.193,5,0,8,3,119,5,0,1,7,15,1,0,14,19439,
1.193,5,0,15,1,119,5,0,8,5,14,1,0,24,32544,
1.193,7,0,3,7,119,5,0,1,3,15,1,0,24,19527,
1.193,7,0,4,6,119,5,0,4,3,14,1,0,28,23952,
1.193,7,0,6,5,119,5,0,7,3,15,1,0,28,23952,
1.193,7,0,9,4,119,5,0,10,3,14,1,0,24,19527,
1.194,5,0,8,3,119,6,0,1,12,11,1,0,24,78102,
1.195,5,0,8,3,119,7,0,1,12,13,1,0,22,67689,
1.195,7,0,3,7,119,7,0,1,3,14,1,0,22,16922,
1.195,7,0,4,6,119,7,0,4,3,15,1,0,28,23952,
1.195,7,0,6,5,119,7,0,7,3,11,1,0,28,23952,
1.195,7,0,9,4,119,7,0,10,3,15,1,0,22,16922,
1.197,5,0,8,3,119,9,0,1,12,14,1,0,16,41655,
1.199,7,0,3,7,120,1,0,1,3,13,1,0,14,8333,
1.199,7,0,4,6,120,1,0,4,3,14,1,0,28,23952,
1.199,7,0,6,5,120,1,0,7,3,15,1,0,28,23952,
1.199,7,0,9,4,120,1,0,10,3,13,1,0,22,16922,
1.201,5,0,8,3,120,3,0,1,12,15,1,0,14,33325,
1.201,7,0,3,7,120,3,0,1,3,12,1,0,14,8333,
1.201,7,0,4,6,120,3,0,4,3,15,1,0,28,23952,
1.201,7,0,6,5,120,3,0,7,3,14,1,0,28,23952,
1.201,7,0,9,4,120,3,0,10,3,12,1,0,18,11716,
1.202,7,0,3,7,120,4,0,1,3,11,1,0,16,10415,
1.202,7,0,4,6,120,4,0,4,3,13,1,0,28,23952,
1.202,7,0,6,5,120,4,0,7,3,13,1,0,28,23952,
1.202,7,0,9,4,120,4,0,10,3,11,1,0,18,11716,
1.203,5,0,8,3,120,5,0,1,12,12,1,0,12,25688,
1.204,5,0,8,3,120,6,0,1,12,11,1,0,12,25688,
1.205,5,0,8,3,120,7,0,1,12,13,1,0,14,33325,
1.205,7,0,3,7,120,7,0,1,3,14,1,0,14,8333,
1.205,7,0,4,6,120,7,0,4,3,14,1,0,28,23952,
1.205,7,0,6,5,120,7,0,7,3,15,1,0,28,23952,
1.205,7,0,9,4,120,7,0,10,3,15,1,0,18,11716,
1.206,5,0,8,3,120,8,0,1,12,15,1,0,12,25688,
1.206,7,0,3,7,120,8,0,1,3,13,1,0,16,10415,
1.206,7,0,4,6,120,8,0,4,3,15,1,0,28,23952,
1.206,7,0,6,5,120,8,0,7,3,14,1,0,28,23952,
1.206,7,0,9,4,120,8,0,10,3,14,1,0,10,5209,
1.207,5,0,8,3,120,9,0,1,12,14,1,0,14,33325,
1.208,5,0,8,3,121,0,0,1,12,12,1,0,14,33325,
1.208,7,0,3,7,121,0,0,1,3,15,1,0,14,8333,
1.208,7,0,4,6,121,0,0,4,3,13,1,0,28,23952,
1.208,7,0,6,5,121,0,0,7,3,13,1,0,28,23952,
1.208,7,0,9,4,121,0,0,10,2,12,1,0,18,7810,
1.209,5,0,8,3,121,1,0,1,12,11,1,0,14,33325,
1.209,7,0,3,7,121,1,0,1,3,12,1,0,22,16922,
1.209,7,0,4,6,121,1,0,4,3,12,1,0,28,23952,
1.209,7,0,6,5,121,1,0,7,3,12,1,0,28,23952,
1.209,7,0,9,4,121,1,0,10,3,13,1,0,18,11716,
1.21,5,0,8,3,121,2,0,1,12,13,1,0,14,33325,
1.21,7,0,3,7,121,2,0,1,3,14,1,0,22,16922,
1.21,7,0,4,6,121,2,0,4,3,14,1,0,28,23952,
1.21,7,0,6,5,121,2,0,7,3,15,1,0,28,23952,
1.21,7,0,9,4,121,2,0,10,3,15,1,0,28,23952,
1.211,5,0,8,3,121,3,0,1,12,15,1,0,14,33325,
1.212,5,0,8,3,121,4,0,1,12,14,1,0,14,33325,
1.212,7,0,3,7,121,4,0,1,3,11,1,0,14,8333,
1.212,7,0,4,6,121,4,0,4,3,15,1,0,28,23952,
1.212,7,0,6,5,121,4,0,7,3,14,1,0,28,23952,
1.212,7,0,9,4,121,4,0,10,3,14,1,0,18,11716,
1.213,5,0,8,3,121,5,0,1,12,12,1,0,14,33325,
1.213,7,0,3,7,121,5,0,1,3,15,1,0,22,16922,
1.213,7,0,4,6,121,5,0,4,3,13,1,0,28,23952,
1.213,7,0,6,5,121,5,0,7,3,13,1,0,28,23952,
1.213,7,0,9,4,121,5,0,10,3,12,1,0,18,11716,
1.214,5,0,8,3,121,6,0,1,12,11,1,0,14,33325,
1.215,5,0,8,3,121,7,0,1,12,13,1,0,14,33325,
1.216,5,0,8,3,121,8,0,1,12,15,1,0,14,33325,
1.216,7,0,3,7,121,8,0,1,3,13,1,0,14,8333,
1.216,7,0,4,6,121,8,0,4,3,14,1,0,28,23952,
1.216,7,0,6,5,121,8,0,7,2,15,1,0,28,15970,
1.216,7,0,9,4,121,8,0,9,4,13,1,0,18,15621,
1.217,5,0,8,3,121,9,0,1,12,14,1,0,14,33325,
1.217,7,0,3,7,121,9,0,1,4,11,1,0,22,22564,
1.217,7,0,4,6,121,9,0,5,4,15,1,0,28,31937,
1.217,7,0,9,4,121,9,0,9,4,14,1,0,18,15621,
1.218,5,0,8,3,122,0,0,1,12,12,1,0,14,33325,
1.219,5,0,8,3,122,1,0,1,11,11,1,0,14,30549,
1.219,7,0,3,7,122,1,0,1,5,12,1,0,14,13885,
1.219,7,0,4,6,122,1,0,6,1,13,1,0,28,7985,
1.219,7,0,9,4,122,1,0,7,6,12,1,0,18,23432,
1.22,5,0,8,3,122,2,0,1,12,13,1,0,14,33325,
1.221,5,0,8,3,122,3,0,1,7,15,1,0,14,19439,
1.221,7,0,3,7,122,3,0,1,6,13,1,0,0,1390,
1.221,7,0,9,4,122,3,0,7,6,15,1,0,22,33844,
1.223,7,0,3,7,122,5,0,1,6,15,1,0,14,16664,
1.223,7,0,9,4,122,5,0,7,6,14,1,0,18,23432,
1.224,7,0,3,7,122,6,0,1,6,12,1,0,22,33844,
1.224,7,0,9,4,122,6,0,7,6,13,1,0,18,23432,
1.225,7,0,3,7,122,7,0,1,6,14,1,0,14,16664,
1.225,7,0,9,4,122,7,0,7,6,12,1,0,20,28638,
1.226,7,0,3,7,122,8,0,1,6,13,1,0,22,33844,
1.226,7,0,9,4,122,8,0,7,6,15,1,0,20,28638,
1.227,7,0,3,7,122,9,0,1,6,11,1,0,14,16664,
1.227,7,0,9,4,122,9,0,7,6,11,1,0,26,44260,
1.228,7,0,3,7,123,0,0,1,10,15,1,0,28,79838,
1.228,7,0,9,4,123,0,0,11,1,14,1,0,26,7378,
1.23,7,0,3,7,123,2,0,1,12,14,1,0,14,33325,
1.232,7,0,3,7,123,4,0,1,12,11,1,0,18,46861,
1.233,7,0,3,7,123,5,0,1,12,15,1,0,28,95805,
1.234,7,0,3,7,123,6,0,1,12,12,1,0,28,95805,
1.235,7,0,3,7,123,7,0,1,12,14,1,0,28,95805,
1.236,7,0,3,7,123,8,0,1,12,13,1,0,28,95805,
1.237,7,0,3,7,123,9,0,1,11,11,1,0,28,87823,
1.238,7,0,3,7,124,0,0,1,12,15,1,0,28,95805,
1.239,7,0,3,7,124,1,0,1,1,12,1,0,28,7985,
