Time,CellId,RNTI,BWPId,SINR(dB)
1.01314,8,7,0,18.0835
1.01321,8,6,0,69.7997
1.01329,2,5,0,33.2898
1.01329,4,3,0,50.1439
1.01329,6,5,0,18.616
1.01336,8,5,0,21.6766
1.01343,2,4,0,32.6716
1.0135,6,4,0,71.7477
1.0135,8,4,0,23.4139
1.01357,4,2,0,26.6823
1.01357,2,3,0,35.4309
1.01364,6,3,0,8.07486
1.01364,8,3,0,60.0913
1.01371,2,2,0,44.4149
1.01379,6,2,0,26.3052
1.01379,8,2,0,66.7509
1.01386,4,1,0,23.3263
1.01386,2,1,0,37.6012
1.01393,6,1,0,29.7156
1.01393,8,1,0,63.3508
1.01414,8,7,0,18.0629
1.01421,8,6,0,69.7562
1.01429,2,5,0,33.2016
1.01429,6,5,0,18.7121
1.01436,4,3,0,51.0355
1.01436,8,5,0,21.5998
1.0145,2,4,0,31.7525
1.0145,6,4,0,71.7919
1.0145,8,4,0,23.91
1.01464,4,2,0,26.6836
1.01464,2,3,0,35.5016
1.01464,6,3,0,7.50374
1.01464,8,3,0,60.1651
1.01479,2,2,0,44.6101
1.01479,6,2,0,26.2772
1.01479,8,2,0,66.7778
1.01493,4,1,0,22.43
1.01493,2,1,0,37.5612
1.01493,6,1,0,29.4096
1.01493,8,1,0,60.8674
1.01514,8,7,0,18.0727
1.01521,8,6,0,69.8006
1.01529,2,5,0,33.1638
1.01529,6,5,0,18.8638
1.01536,4,3,0,51.0591
1.01536,8,5,0,21.6449
1.0155,2,4,0,31.7616
1.0155,6,4,0,71.838
1.0155,8,4,0,23.9224
1.01564,4,2,0,26.7631
1.01564,2,3,0,35.4709
1.01564,6,3,0,7.48351
1.01564,8,3,0,60.2057
1.01579,2,2,0,44.4864
1.01579,6,2,0,26.1669
1.01579,8,2,0,66.766
1.01593,4,1,0,22.3176
1.01593,2,1,0,37.6558
1.01593,6,1,0,29.3851
1.01593,8,1,0,60.8895
1.01614,8,7,0,18.0172
1.01621,8,6,0,69.8101
1.01629,2,5,0,33.1396
1.01629,6,5,0,18.9257
1.01636,4,3,0,50.5163
1.01636,8,5,0,21.7072
1.0165,2,4,0,31.7717
1.0165,6,4,0,71.8549
1.0165,8,4,0,23.8699
1.01664,4,2,0,26.8044
1.01664,2,3,0,35.522
1.01664,6,3,0,7.30359
1.01664,8,3,0,60.1332
1.01679,2,2,0,44.4954
1.01679,6,2,0,26.133
1.01679,8,2,0,66.8114
1.01693,4,1,0,22.2223
1.01693,2,1,0,37.6496
1.01693,6,1,0,29.438
1.01693,8,1,0,60.881
1.01714,8,7,0,17.9893
1.01721,8,6,0,69.881
1.01729,2,5,0,33.1929
1.01729,6,5,0,18.9526
1.01736,4,3,0,49.7233
1.01736,8,5,0,21.6778
1.0175,2,4,0,31.6599
1.0175,6,4,0,71.9077
1.0175,8,4,0,23.9585
1.01764,4,2,0,26.8622
1.01764,2,3,0,35.5129
1.01764,6,3,0,7.34264
1.01764,8,3,0,60.0903
1.01779,2,2,0,44.4464
1.01779,6,2,0,26.0193
1.01779,8,2,0,66.794
1.01793,4,1,0,22.2289
1.01793,2,1,0,37.6307
1.01793,6,1,0,29.5185
1.01793,8,1,0,60.8039
1.01814,8,7,0,17.9325
1.01821,8,6,0,69.8316
1.01829,2,5,0,33.1869
1.01829,6,5,0,19.0059
1.01836,4,3,0,50.2633
1.01836,8,5,0,21.6751
1.0185,2,4,0,31.5958
1.0185,6,4,0,71.8599
1.0185,8,4,0,23.9189
1.01864,4,2,0,26.7997
1.01864,2,3,0,35.4842
1.01864,6,3,0,7.37947
1.01864,8,3,0,60.041
1.01879,2,2,0,44.3868
1.01879,6,2,0,26.0447
1.01879,8,2,0,66.8225
1.01893,4,1,0,22.3164
1.01893,2,1,0,37.6978
1.01893,6,1,0,29.5849
1.01893,8,1,0,60.842
1.01914,8,7,0,17.9557
1.01921,8,6,0,69.8138
1.01929,2,5,0,33.1944
1.01929,6,5,0,19.085
1.01936,4,3,0,49.6945
1.01936,8,5,0,21.6646
1.0195,2,4,0,31.5195
1.0195,6,4,0,71.827
1.0195,8,4,0,23.8808
1.01964,4,2,0,26.7602
1.01964,2,3,0,35.5144
1.01964,6,3,0,7.41573
1.01964,8,3,0,60.0808
1.01979,2,2,0,44.4488
1.01979,6,2,0,26.0921
1.01979,8,2,0,66.8564
1.01993,4,1,0,22.3783
1.01993,2,1,0,37.7158
1.01993,6,1,0,29.5691
1.01993,8,1,0,60.8456
1.02014,8,7,0,17.9449
1.02021,8,6,0,69.8083
1.02029,2,5,0,33.2395
1.02029,6,5,0,19.1316
1.02036,4,3,0,51.1143
1.02036,8,5,0,21.6867
1.0205,2,4,0,31.4062
1.0205,6,4,0,71.8392
1.0205,8,4,0,23.8263
1.02064,4,2,0,26.7239
1.02064,2,3,0,35.5979
1.02064,6,3,0,7.38447
1.02064,8,3,0,60.1062
1.02079,2,2,0,44.46
1.02079,6,2,0,26.1483
1.02079,8,2,0,66.8558
1.02093,4,1,0,22.3597
1.02093,2,1,0,37.7308
1.02093,6,1,0,29.5953
1.02093,8,1,0,60.7389
1.02114,8,7,0,17.9332
1.02121,8,6,0,69.8157
1.02129,2,5,0,33.3031
1.02129,6,5,0,19.1927
1.02129,8,5,0,20.5019
1.02136,4,3,0,51.8408
1.02143,2,4,0,30.945
1.02143,8,4,0,23.5808
1.0215,6,4,0,71.8266
1.02157,2,3,0,35.5892
1.02157,8,3,0,60.085
1.02164,4,2,0,27.377
1.02164,6,3,0,8.08824
1.02171,2,2,0,44.4943
1.02171,8,2,0,67.1324
1.02179,6,2,0,25.5277
1.02186,2,1,0,37.7291
1.02186,8,1,0,60.2795
1.02193,4,1,0,22.3206
1.02193,6,1,0,30.404
1.02214,8,7,0,17.8551
1.02221,8,6,0,69.8249
1.02229,2,5,0,33.3636
1.02229,6,5,0,19.2139
1.02236,4,3,0,52.2988
1.02236,8,5,0,21.5935
1.0225,2,4,0,31.4027
1.0225,6,4,0,71.7094
1.0225,8,4,0,23.8005
1.02264,4,2,0,26.7132
1.02264,2,3,0,35.567
1.02264,6,3,0,7.44905
1.02264,8,3,0,60.007
1.02279,2,2,0,44.5175
1.02279,6,2,0,26.0288
1.02279,8,2,0,66.9178
1.02293,4,1,0,22.1818
1.02293,2,1,0,37.7988
1.02293,6,1,0,29.6662
1.02293,8,1,0,60.7406
1.02314,8,7,0,17.821
1.02321,8,6,0,69.8332
1.02329,2,5,0,33.3662
1.02329,4,3,0,50.8959
1.02329,6,5,0,19.237
1.02336,8,5,0,21.6712
1.02343,6,4,0,71.6644
1.0235,2,4,0,32.1758
1.0235,8,4,0,22.9393
1.02357,4,2,0,26.4794
1.02357,6,3,0,7.76083
1.02364,2,3,0,35.6333
1.02364,8,3,0,60.1984
1.02371,6,2,0,25.8434
1.02379,2,2,0,44.5424
1.02379,8,2,0,66.8851
1.02386,4,1,0,22.1526
1.02386,6,1,0,30.4259
1.02393,2,1,0,37.9488
1.02393,8,1,0,63.0584
1.02414,8,7,0,17.4509
1.02421,8,6,0,69.7951
1.02429,2,5,0,35.9853
1.02429,6,5,0,19.0022
1.02436,8,5,0,21.9443
1.0245,2,4,0,32.3856
1.0245,6,4,0,71.6565
1.0245,8,4,0,24.0569
1.02464,2,3,0,35.7193
1.02464,6,3,0,8.05695
1.02464,8,3,0,61.2827
1.02479,2,2,0,44.652
1.02479,6,2,0,30.2233
1.02479,8,2,0,66.8721
1.02493,4,1,0,24.7563
1.02493,2,1,0,37.8505
1.02493,6,1,0,29.4927
1.02493,8,1,0,62.1261
1.02514,8,7,0,17.8167
1.02521,8,6,0,69.8704
1.02529,2,5,0,33.4176
1.02529,6,5,0,18.9563
1.02536,4,3,0,51.4884
1.02536,8,5,0,21.7792
1.0255,2,4,0,31.3761
1.0255,6,4,0,71.6582
1.0255,8,4,0,23.7651
1.02564,4,2,0,26.6107
1.02564,2,3,0,35.6959
1.02564,6,3,0,7.65823
1.02564,8,3,0,59.9499
1.02579,2,2,0,44.5412
1.02579,6,2,0,26.0286
1.02579,8,2,0,66.9068
1.02593,4,1,0,22.5848
1.02593,2,1,0,37.846
1.02593,6,1,0,29.6633
1.02593,8,1,0,60.7326
1.02629,2,5,0,33.493
1.02629,6,5,0,19.1115
1.02636,4,3,0,51.0699
1.0265,2,4,0,31.6343
1.0265,6,4,0,71.563
1.02664,4,2,0,26.7185
1.02664,2,3,0,35.3937
1.02664,6,3,0,7.96478
1.02679,2,2,0,44.3515
1.02679,6,2,0,25.3118
1.02693,8,5,0,24.5766
1.02693,4,1,0,22.7316
1.02693,2,1,0,37.9489
1.02693,6,1,0,30.7492
1.02714,8,7,0,17.8492
1.02721,8,6,0,69.914
1.02729,2,5,0,33.5404
1.02729,6,5,0,18.8122
1.02736,4,3,0,50.6344
1.02736,8,5,0,21.8308
1.0275,2,4,0,31.344
1.0275,6,4,0,71.6832
1.0275,8,4,0,23.7279
1.02764,4,2,0,26.6375
1.02764,2,3,0,35.6885
1.02764,6,3,0,7.67715
1.02764,8,3,0,59.9815
1.02779,2,2,0,44.5765
1.02779,6,2,0,26.2251
1.02779,8,2,0,66.8428
1.02793,4,1,0,22.6012
1.02793,2,1,0,37.9571
1.02793,6,1,0,29.5498
1.02793,8,1,0,60.7448
1.02829,2,5,0,33.5372
1.02829,6,5,0,19.2956
1.02836,4,3,0,50.1371
1.0285,2,4,0,31.6768
1.0285,6,4,0,71.6772
1.02864,4,2,0,26.6373
1.02864,2,3,0,35.4105
1.02864,6,3,0,7.94867
1.02879,2,2,0,44.2093
1.02879,6,2,0,25.4734
1.02893,8,4,0,20.7982
1.02893,4,1,0,22.7471
1.02893,2,1,0,37.9351
1.02893,6,1,0,30.6699
1.02914,8,7,0,18.1759
1.02921,8,6,0,69.9573
1.02929,2,5,0,33.5613
1.02936,4,3,0,50.2431
1.02936,8,5,0,21.6103
1.0295,2,4,0,31.3626
1.0295,8,4,0,23.1476
1.02964,4,2,0,26.5446
1.02964,2,3,0,35.5983
1.02964,8,3,0,60.1269
1.02979,2,2,0,44.4431
1.02979,8,2,0,67.23
1.02993,6,5,0,20.7433
1.02993,4,1,0,33.6333
1.02993,2,1,0,37.5576
1.02993,8,1,0,61.1379
1.03014,8,7,0,17.7686
1.03021,8,6,0,69.9139
1.03029,2,5,0,33.6797
1.03029,4,3,0,51.5579
1.03029,6,5,0,18.7888
1.03036,8,5,0,21.7927
1.0305,2,4,0,32.1694
1.0305,6,4,0,71.7102
1.0305,8,4,0,23.7247
1.03057,4,2,0,26.2537
1.03064,2,3,0,35.5905
1.03064,6,3,0,7.97091
1.03064,8,3,0,60.3465
1.03079,2,2,0,44.3866
1.03079,6,2,0,26.0013
1.03079,8,2,0,66.7291
1.03086,4,1,0,23.456
1.03093,2,1,0,37.9843
1.03093,6,1,0,30.043
1.03093,8,1,0,62.5022
1.03114,8,7,0,17.7536
1.03121,8,6,0,69.8994
1.03129,2,5,0,33.7951
1.03129,6,5,0,18.7862
1.03136,4,3,0,51.6879
1.03136,8,5,0,21.5906
1.0315,2,4,0,31.2997
1.0315,6,4,0,71.7134
1.0315,8,4,0,23.6781
1.03164,4,2,0,26.5261
1.03164,2,3,0,35.5907
1.03164,6,3,0,7.86414
1.03164,8,3,0,60.1865
1.03179,2,2,0,44.4531
1.03179,6,2,0,25.9384
1.03179,8,2,0,66.676
1.03193,4,1,0,22.6154
1.03193,2,1,0,37.7969
1.03193,6,1,0,29.6946
1.03193,8,1,0,60.6498
1.03214,8,7,0,17.6548
1.03221,8,6,0,69.7533
1.03229,2,5,0,36.5152
1.03236,8,5,0,21.6497
1.0325,2,4,0,31.6462
1.0325,8,4,0,23.9061
1.03264,2,3,0,35.6184
1.03264,8,3,0,61.2974
1.03279,2,2,0,44.5072
1.03279,8,2,0,66.9445
1.03293,4,2,0,24.0028
1.03293,6,1,0,32.5834
1.03293,2,1,0,38.0333
1.03293,8,1,0,62.9585
1.03314,8,7,0,17.6198
1.03321,8,6,0,69.8081
1.03329,2,5,0,33.9668
1.03329,6,5,0,18.8078
1.03336,4,3,0,51.6932
1.03336,8,5,0,21.7304
1.0335,2,4,0,31.225
1.0335,6,4,0,71.581
1.0335,8,4,0,23.7711
1.03364,4,2,0,26.4841
1.03364,2,3,0,35.4356
1.03364,6,3,0,7.9951
1.03364,8,3,0,60.2349
1.03379,2,2,0,44.5676
1.03379,6,2,0,25.9834
1.03379,8,2,0,66.6234
1.03393,4,1,0,22.6838
1.03393,2,1,0,37.8222
1.03393,6,1,0,29.696
1.03393,8,1,0,60.604
1.03414,8,7,0,17.6719
1.03421,8,6,0,69.7188
1.03429,2,5,0,34.0355
1.03429,6,5,0,18.7915
1.03436,4,3,0,51.8062
1.03436,8,5,0,21.6876
1.0345,2,4,0,31.2087
1.0345,6,4,0,71.5529
1.0345,8,4,0,23.782
1.03464,4,2,0,26.4848
1.03464,2,3,0,35.4291
1.03464,6,3,0,7.95507
1.03464,8,3,0,60.2267
1.03479,2,2,0,44.5302
1.03479,6,2,0,26.1444
1.03479,8,2,0,66.6378
1.03493,4,1,0,22.7118
1.03493,2,1,0,37.8436
1.03493,6,1,0,29.7873
1.03493,8,1,0,60.5901
1.03514,8,7,0,17.8134
1.03521,8,6,0,69.4368
1.03529,2,5,0,36.219
1.03536,8,5,0,21.4293
1.0355,2,4,0,31.7612
1.0355,8,4,0,23.6952
1.03564,2,3,0,35.379
1.03564,8,3,0,61.4349
1.03579,2,2,0,44.5603
1.03579,8,2,0,67.1013
1.03593,4,1,0,28.3152
1.03593,6,2,0,24.8793
1.03593,2,1,0,37.7871
1.03593,8,1,0,62.9467
1.03614,8,7,0,17.3617
1.03621,8,6,0,69.7775
1.03629,2,5,0,34.1825
1.03629,6,5,0,18.8265
1.03636,4,3,0,51.6363
1.03636,8,5,0,21.6905
1.0365,2,4,0,31.0676
1.0365,6,4,0,71.5958
1.0365,8,4,0,23.6886
1.03664,4,2,0,26.4113
1.03664,2,3,0,35.2554
1.03664,6,3,0,7.96115
1.03664,8,3,0,60.2141
1.03679,2,2,0,44.6295
1.03679,6,2,0,26.2324
1.03679,8,2,0,66.6967
1.03693,4,1,0,22.8568
1.03693,2,1,0,37.7253
1.03693,6,1,0,29.6727
1.03693,8,1,0,60.57
1.03729,2,5,0,34.1757
1.03729,6,5,0,19.2576
1.03736,4,3,0,51.4898
1.0375,2,4,0,31.3032
1.0375,6,4,0,71.5134
1.03764,4,2,0,26.418
1.03764,2,3,0,34.9007
1.03764,6,3,0,8.2311
1.03779,2,2,0,44.3543
1.03779,6,2,0,25.4696
1.03793,8,5,0,23.5948
1.03793,4,1,0,23.0622
1.03793,2,1,0,37.7591
1.03793,6,1,0,30.4301
1.03814,8,7,0,17.1204
1.03821,8,6,0,69.8028
1.03829,2,5,0,34.2334
1.03829,6,5,0,18.7288
1.03836,4,3,0,50.9846
1.03836,8,5,0,21.6609
1.03843,6,4,0,71.5481
1.0385,2,4,0,31.0644
1.0385,8,4,0,22.8085
1.03857,6,3,0,8.27469
1.03864,4,2,0,26.4756
1.03864,2,3,0,35.3793
1.03864,8,3,0,60.292
1.03871,6,2,0,25.0402
1.03879,2,2,0,44.6173
1.03879,8,2,0,66.7731
1.03886,6,1,0,30.4973
1.03893,4,1,0,29.0078
1.03893,2,1,0,37.6952
1.03893,8,1,0,60.9048
1.03929,2,5,0,34.2772
1.03936,4,3,0,50.8925
1.0395,2,4,0,31.2856
1.03964,4,2,0,26.4787
1.03964,2,3,0,35.2248
1.03979,2,2,0,44.3789
1.03993,6,1,0,32.0287
1.03993,8,4,0,18.6907
1.03993,4,1,0,34.3593
1.03993,2,1,0,37.6233
1.04014,8,7,0,17.1088
1.04021,8,6,0,69.7795
1.04029,2,5,0,34.3777
1.04029,6,5,0,18.6192
1.04036,4,3,0,50.9642
1.04036,8,5,0,21.6947
1.0405,2,4,0,31.2635
1.0405,6,4,0,71.5274
1.0405,8,4,0,23.5368
1.04064,4,2,0,26.3937
1.04064,2,3,0,35.417
1.04064,6,3,0,7.9084
1.04064,8,3,0,60.2413
1.04079,2,2,0,44.7629
1.04079,6,2,0,26.0241
1.04079,8,2,0,66.8896
1.04093,4,1,0,23.0675
1.04093,2,1,0,37.5153
1.04093,6,1,0,29.8547
1.04093,8,1,0,60.7529
1.04114,8,7,0,17.1308
1.04121,8,6,0,69.8742
1.04129,2,5,0,34.2972
1.04129,6,5,0,18.6123
1.04136,4,3,0,51.1378
1.04136,8,5,0,21.7339
1.0415,2,4,0,31.4179
1.0415,6,4,0,71.4506
1.0415,8,4,0,23.504
1.04164,4,2,0,26.3703
1.04164,2,3,0,35.4878
1.04164,6,3,0,7.86211
1.04164,8,3,0,60.2251
1.04179,2,2,0,44.7926
1.04179,6,2,0,26.0647
1.04179,8,2,0,66.8551
1.04193,4,1,0,23.1138
1.04193,2,1,0,37.5135
1.04193,6,1,0,30.0218
1.04193,8,1,0,60.8199
1.04214,8,7,0,17.1207
1.04221,8,6,0,69.8834
1.04229,2,5,0,34.1565
1.04229,6,5,0,18.6521
1.04229,8,5,0,20.5964
1.04236,4,3,0,50.8725
1.04243,8,4,0,23.3483
1.0425,2,4,0,31.3911
1.0425,6,4,0,71.5117
1.04257,8,3,0,60.2251
1.04264,4,2,0,26.3141
1.04264,2,3,0,35.5719
1.04264,6,3,0,8.1413
1.04271,8,2,0,67.1115
1.04279,2,2,0,44.6359
1.04279,6,2,0,25.4794
1.04286,8,1,0,60.2993
1.04293,4,1,0,23.0081
1.04293,2,1,0,37.6066
1.04293,6,1,0,30.6322
1.04393,2,3,0,33.857
1.04393,2,5,0,34.4862
1.04393,4,2,0,21.3716
1.04393,6,1,0,31.5715
1.04393,8,4,0,18.0004
1.04414,8,7,0,17.0385
1.04421,8,6,0,70.0012
1.04429,2,5,0,34.2572
1.04429,6,5,0,18.8055
1.04436,4,3,0,51.3665
1.04436,8,5,0,21.7326
1.0445,2,4,0,31.4835
1.0445,6,4,0,71.5663
1.0445,8,4,0,23.6458
1.04464,4,2,0,26.249
1.04464,2,3,0,35.4719
1.04464,6,3,0,7.92754
1.04464,8,3,0,60.1775
1.04479,2,2,0,44.7977
1.04479,6,2,0,25.9669
1.04479,8,2,0,66.9404
1.04493,4,1,0,22.9477
1.04493,2,1,0,37.5729
1.04493,6,1,0,30.0497
1.04493,8,1,0,60.9935
1.04514,8,7,0,17.7507
1.04521,8,6,0,70.0811
1.04529,2,5,0,34.2603
1.04536,4,3,0,51.2538
1.04536,8,5,0,21.6982
1.0455,2,4,0,31.5218
1.0455,8,4,0,22.9668
1.04564,4,2,0,26.2639
1.04564,2,3,0,35.4287
1.04564,8,3,0,60.1998
1.04579,2,2,0,44.7075
1.04579,8,2,0,67.4284
1.04593,6,5,0,20.5684
1.04593,4,1,0,33.9967
1.04593,2,1,0,37.1943
1.04593,8,1,0,61.3143
1.04614,8,7,0,15.6016
1.04621,8,6,0,69.905
1.04629,2,5,0,36.0498
1.04636,8,5,0,21.414
1.0465,2,4,0,32.2033
1.0465,8,4,0,23.1116
1.04664,2,3,0,35.5397
1.04664,8,3,0,61.3726
1.04679,2,2,0,44.7478
1.04679,8,2,0,67.1726
1.04693,4,1,0,16.2246
1.04693,6,5,0,20.18
1.04693,6,2,0,24.9581
1.04693,2,1,0,37.52
1.04693,8,1,0,62.7722
1.04729,2,5,0,34.4624
1.04729,6,5,0,19.2304
1.04736,4,3,0,52.7092
1.0475,2,4,0,31.9063
1.0475,6,4,0,71.545
1.04764,4,2,0,26.0998
1.04764,2,3,0,35.1403
1.04764,6,3,0,8.13913
1.04779,2,2,0,44.633
1.04779,6,2,0,25.4183
1.04793,8,5,0,24.3839
1.04793,4,1,0,23.3744
1.04793,2,1,0,37.5944
1.04793,6,1,0,31.0113
1.04814,8,7,0,17.4312
1.04821,8,6,0,70.114
1.04829,2,5,0,34.5439
1.04829,6,5,0,18.8061
1.04836,4,3,0,51.2767
1.04836,8,5,0,21.8186
1.0485,2,4,0,31.5742
1.0485,6,4,0,71.6702
1.0485,8,4,0,23.4009
1.04864,4,2,0,26.0492
1.04864,2,3,0,35.4457
1.04864,6,3,0,7.88322
1.04864,8,3,0,60.1807
1.04879,2,2,0,44.9177
1.04879,6,2,0,25.8145
1.04879,8,2,0,66.8749
1.04893,4,1,0,23.0305
1.04893,2,1,0,37.5847
1.04893,6,1,0,29.831
1.04893,8,1,0,60.9684
1.04914,8,7,0,17.0837
1.04921,8,6,0,70.0341
1.04929,2,5,0,36.2373
1.04929,6,5,0,18.7011
1.04936,8,5,0,22.1202
1.0495,2,4,0,32.4775
1.0495,6,4,0,71.676
1.0495,8,4,0,23.6791
1.04964,2,3,0,35.4118
1.04964,6,3,0,8.33559
1.04964,8,3,0,61.3717
1.04979,2,2,0,44.7812
1.04979,6,2,0,30.151
1.04979,8,2,0,66.9164
1.04993,4,1,0,24.1571
1.04993,2,1,0,37.5463
1.04993,6,1,0,29.7018
1.04993,8,1,0,62.3482
1.05029,2,5,0,36.33
1.05029,6,5,0,19.1925
1.0505,2,4,0,32.7251
1.0505,6,4,0,71.7695
1.05064,2,3,0,35.2656
1.05064,6,3,0,8.63927
1.05079,2,2,0,44.4798
1.05079,6,2,0,30.1669
1.05086,8,4,0,20.394
1.05093,4,1,0,24.2512
1.05093,2,1,0,37.5739
1.05093,6,1,0,31.068
1.05129,6,5,0,18.9975
1.05136,4,3,0,64.3637
1.0515,6,4,0,71.1329
1.05164,4,2,0,29.9944
1.05164,6,3,0,8.95033
1.05179,6,2,0,25.2421
1.05193,2,3,0,33.3163
1.05193,8,7,0,20.0963
1.05193,8,4,0,15.1855
1.05193,4,1,0,22.9361
1.05193,6,1,0,29.8462
1.05214,8,7,0,17.6922
1.05221,8,6,0,70.0428
1.05229,2,5,0,34.6351
1.05229,6,5,0,18.6466
1.05236,4,3,0,50.8213
1.05236,8,5,0,21.9805
1.0525,2,4,0,31.4131
1.0525,6,4,0,71.8146
1.0525,8,4,0,23.2867
1.05264,4,2,0,26.1479
1.05264,2,3,0,35.5996
1.05264,6,3,0,7.66827
1.05264,8,3,0,60.1001
1.05279,2,2,0,44.8142
1.05279,6,2,0,25.6167
1.05279,8,2,0,66.8348
1.05293,4,1,0,22.6499
1.05293,2,1,0,37.5261
1.05293,6,1,0,29.7997
1.05293,8,1,0,61.0256
1.05314,8,7,0,18.4741
1.05321,8,6,0,69.9517
1.05329,2,5,0,34.5336
1.05336,4,3,0,50.7579
1.05336,8,5,0,21.6036
1.0535,2,4,0,31.0398
1.0535,8,4,0,22.9874
1.05364,4,2,0,26.2736
1.05364,2,3,0,35.7136
1.05364,8,3,0,60.1699
1.05379,2,2,0,44.858
1.05379,8,2,0,67.2322
1.05393,6,1,0,32.5239
1.05393,4,1,0,34.308
1.05393,2,1,0,37.4779
1.05393,8,1,0,61.4622
1.05414,8,7,0,20.5344
1.05421,8,6,0,69.9432
1.05436,4,3,0,63.4127
1.05436,8,5,0,25.0954
1.0545,8,4,0,23.8864
1.05464,4,2,0,30.013
1.05464,8,3,0,60.1736
1.05479,8,2,0,67.2435
1.05493,2,5,0,35.2402
1.05493,6,1,0,30.1743
1.05493,4,1,0,34.534
1.05493,8,1,0,62.0551
1.05514,8,7,0,17.6228
1.05521,8,6,0,69.9622
1.05529,2,5,0,34.5371
1.05529,6,5,0,18.4075
1.05536,4,3,0,50.93
1.05536,8,5,0,21.9289
1.0555,2,4,0,31.4841
1.0555,6,4,0,71.8607
1.0555,8,4,0,23.2744
1.05564,4,2,0,26.2006
1.05564,2,3,0,35.6072
1.05564,6,3,0,7.77067
1.05564,8,3,0,60.2092
1.05579,2,2,0,44.8073
1.05579,6,2,0,25.4695
1.05579,8,2,0,66.8241
1.05593,4,1,0,22.6112
1.05593,2,1,0,37.4539
1.05593,6,1,0,29.7938
1.05593,8,1,0,60.9455
1.05614,8,7,0,17.8509
1.05621,8,6,0,69.8985
1.05629,2,5,0,36.2475
1.05636,8,5,0,21.9999
1.0565,2,4,0,32.4454
1.0565,8,4,0,23.1271
1.05664,2,3,0,35.6714
1.05664,8,3,0,61.4422
1.05679,2,2,0,44.7716
1.05679,8,2,0,67.4302
1.05693,4,1,0,20.8353
1.05693,6,5,0,18.7393
1.05693,2,1,0,37.2484
1.05693,8,1,0,63.1387
1.05714,8,7,0,15.9382
1.05721,8,6,0,69.8284
1.05729,2,5,0,34.5251
1.05736,4,3,0,51.8137
1.05736,8,5,0,21.1623
1.05743,2,4,0,30.6087
1.0575,8,4,0,21.9436
1.05757,2,3,0,35.5919
1.05764,4,2,0,26.8181
1.05764,8,3,0,59.978
1.05771,2,2,0,44.5899
1.05779,8,2,0,67.2016
1.05786,2,1,0,37.5518
1.05793,6,5,0,20.2493
1.05793,6,2,0,27.8866
1.05793,4,1,0,34.0341
1.05793,8,1,0,61.453
1.05829,2,5,0,34.722
1.05829,6,5,0,19.0204
1.05836,4,3,0,51.859
1.0585,2,4,0,31.6094
1.0585,6,4,0,71.7028
1.05864,4,2,0,25.9616
1.05864,2,3,0,35.2463
1.05864,6,3,0,8.22231
1.05879,2,2,0,44.492
1.05879,6,2,0,24.7122
1.05893,8,5,0,24.3117
1.05893,4,1,0,22.8109
1.05893,2,1,0,37.6434
1.05893,6,1,0,30.6392
1.05929,2,5,0,34.5946
1.05929,6,5,0,19.4267
1.05936,4,3,0,52.0486
1.05943,2,4,0,31.0826
1.0595,6,4,0,71.747
1.05957,2,3,0,35.4181
1.05964,4,2,0,26.6634
1.05964,6,3,0,8.59422
1.05971,2,2,0,44.522
1.05979,6,2,0,24.7893
1.05986,2,1,0,37.6083
1.05993,8,4,0,20.3048
1.05993,4,1,0,22.5788
1.05993,6,1,0,31.1245
1.06014,8,7,0,17.57
1.06021,8,6,0,69.7297
1.06029,2,5,0,36.2446
1.06029,8,5,0,20.4919
1.06043,8,4,0,23.2742
1.0605,2,4,0,32.0078
1.06057,8,3,0,61.4576
1.06064,2,3,0,35.7261
1.06071,8,2,0,67.5124
1.06079,2,2,0,44.8174
1.06086,8,1,0,62.8831
1.06093,4,1,0,27.894
1.06093,6,2,0,23.827
1.06093,2,1,0,37.534
1.06129,6,5,0,19.4559
1.06136,4,3,0,64.3601
1.06143,6,4,0,71.7414
1.06157,6,3,0,9.25803
1.06164,4,2,0,29.9298
1.06171,6,2,0,23.6296
1.06186,6,1,0,31.1059
1.06193,2,1,0,37.1246
1.06193,8,4,0,13.0403
1.06193,4,1,0,29.7842
1.06229,6,5,0,18.9004
1.0625,6,4,0,71.3436
1.06264,6,3,0,9.89136
1.06279,6,2,0,29.7687
1.06293,2,3,0,33.7689
1.06293,4,2,0,25.7753
1.06293,8,7,0,18.3116
1.06293,8,5,0,26.14
1.06293,6,1,0,30.4902
1.06314,8,7,0,17.4357
1.06321,8,6,0,69.8862
1.06329,2,5,0,34.604
1.06329,6,5,0,19.0389
1.06336,4,3,0,50.9331
1.06336,8,5,0,21.8052
1.0635,2,4,0,31.5353
1.0635,6,4,0,71.6942
1.0635,8,4,0,23.312
1.06364,4,2,0,26.0221
1.06364,2,3,0,35.8745
1.06364,6,3,0,7.93353
1.06364,8,3,0,60.2184
1.06379,2,2,0,44.963
1.06379,6,2,0,25.2549
1.06379,8,2,0,67.1527
1.06393,4,1,0,22.5436
1.06393,2,1,0,37.6415
1.06393,6,1,0,29.8493
1.06393,8,1,0,60.7893
1.06414,8,7,0,17.9664
1.06421,8,6,0,69.8226
1.06429,2,5,0,36.1305
1.06436,8,5,0,21.8646
1.0645,2,4,0,32.0554
1.0645,8,4,0,23.4902
1.06464,2,3,0,35.9487
1.06464,8,3,0,61.5183
1.06479,2,2,0,45.0497
1.06479,8,2,0,67.4443
1.06493,4,1,0,27.7723
1.06493,6,1,0,31.774
1.06493,2,1,0,37.701
1.06493,8,1,0,63.1044
1.06529,6,5,0,19.536
1.06536,4,3,0,63.7647
1.06543,6,4,0,71.6732
1.06557,6,3,0,9.40775
1.06564,4,2,0,29.7191
1.06571,6,2,0,23.4851
1.06586,6,1,0,30.2766
1.06593,2,5,0,35.1954
1.06593,8,7,0,9.84128
1.06593,8,5,0,19.0697
1.06593,4,1,0,29.8067
1.06614,8,7,0,17.9655
1.06621,8,6,0,69.7679
1.06629,2,5,0,34.6413
1.06636,4,3,0,51.7506
1.06636,8,5,0,21.2995
1.0665,2,4,0,31.1951
1.0665,8,4,0,23.0347
1.06664,4,2,0,26.0056
1.06664,2,3,0,35.9082
1.06664,8,3,0,60.287
1.06679,2,2,0,45.0874
1.06679,8,2,0,67.4811
1.06693,6,2,0,29.7866
1.06693,4,1,0,34.4918
1.06693,2,1,0,37.6859
1.06693,8,1,0,61.0927
1.06714,8,7,0,18.3589
1.06721,8,6,0,69.9102
1.06729,2,5,0,34.6006
1.06736,4,3,0,51.7412
1.06736,8,5,0,21.7794
1.0675,2,4,0,31.353
1.0675,8,4,0,22.8451
1.06764,4,2,0,25.9415
1.06764,2,3,0,35.9029
1.06764,8,3,0,60.3126
1.06779,2,2,0,45.0737
1.06779,8,2,0,67.6379
1.06793,6,5,0,21.3932
1.06793,4,1,0,34.3163
1.06793,2,1,0,37.3646
1.06793,8,1,0,61.1095
1.06814,8,7,0,18.6659
1.06821,8,6,0,69.6585
1.06836,8,5,0,25.8577
1.0685,8,4,0,24.3298
1.06864,8,3,0,61.4657
1.06879,8,2,0,67.418
1.06893,2,1,0,37.1291
1.06893,4,1,0,14.1356
1.06893,6,5,0,20.2211
1.06893,6,2,0,24.4391
1.06893,8,1,0,64.1205
1.06929,6,5,0,19.3992
1.06936,4,3,0,64.2738
1.0695,6,4,0,71.5996
1.06964,4,2,0,29.8518
1.06964,6,3,0,9.59881
1.06979,6,2,0,24.6446
1.06993,2,1,0,36.8796
1.06993,8,5,0,18.5291
1.06993,4,1,0,22.3994
1.06993,6,1,0,30.8604
1.07014,8,7,0,18.0117
1.07021,8,6,0,69.7849
1.07029,2,5,0,34.5407
1.07029,8,5,0,20.3102
1.07036,4,3,0,51.0712
1.07043,8,4,0,22.7958
1.0705,2,4,0,31.1395
1.07057,8,3,0,60.363
1.07064,4,2,0,26.012
1.07064,2,3,0,36.0604
1.07071,8,2,0,67.3427
1.07079,2,2,0,45.1026
1.07086,8,1,0,61.1289
1.07093,6,2,0,29.9398
1.07093,4,1,0,34.2674
1.07093,2,1,0,37.7558
1.07114,8,7,0,17.4391
1.07121,8,6,0,70.0128
1.07129,2,5,0,34.4942
1.07129,6,5,0,18.7198
1.07136,4,3,0,51.2956
1.07136,8,5,0,21.8926
1.0715,2,4,0,31.4074
1.0715,6,4,0,71.5436
1.0715,8,4,0,23.5187
1.07164,4,2,0,26.0194
1.07164,2,3,0,36.0639
1.07164,6,3,0,8.34242
1.07164,8,3,0,60.3272
1.07179,2,2,0,45.3094
1.07179,6,2,0,25.5291
1.07179,8,2,0,67.0096
1.07193,4,1,0,22.4935
1.07193,2,1,0,37.7529
1.07193,6,1,0,29.9319
1.07193,8,1,0,60.9421
1.07214,8,7,0,17.8315
1.07221,8,6,0,69.8285
1.07229,6,5,0,18.1302
1.07236,8,5,0,26.3657
1.0725,6,4,0,71.4747
1.0725,8,4,0,24.773
1.07264,6,3,0,9.76481
1.07264,8,3,0,61.4213
1.07279,6,2,0,29.7965
1.07279,8,2,0,67.0185
1.07293,2,1,0,37.3146
1.07293,4,2,0,25.8543
1.07293,6,1,0,30.1619
1.07293,8,1,0,63.4401
1.07329,2,5,0,34.6064
1.07329,6,5,0,19.0446
1.07336,4,3,0,50.8386
1.0735,2,4,0,31.2391
1.0735,6,4,0,71.2604
1.07364,4,2,0,26.219
1.07364,2,3,0,35.3365
1.07364,6,3,0,8.65755
1.07379,2,2,0,45.0666
1.07379,6,2,0,25.078
1.07393,8,7,0,21.431
1.07393,8,5,0,26.8582
1.07393,4,1,0,22.8641
1.07393,2,1,0,37.8054
1.07393,6,1,0,29.9174
1.07414,8,7,0,18.1504
1.07421,8,6,0,69.7504
1.07429,2,5,0,34.5116
1.07436,4,3,0,50.5763
1.07436,8,5,0,21.5042
1.07443,2,4,0,30.3561
1.0745,8,4,0,22.6729
1.07457,2,3,0,36.0119
1.07464,4,2,0,26.8878
1.07464,8,3,0,60.1694
1.07471,2,2,0,45.0296
1.07479,8,2,0,67.3353
1.07486,2,1,0,37.8423
1.07493,6,2,0,30.1166
1.07493,4,1,0,34.2931
1.07493,8,1,0,61.8755
1.07529,2,5,0,34.5253
1.07529,6,5,0,19.4198
1.07536,4,3,0,50.6124
1.0755,2,4,0,31.2859
1.0755,6,4,0,71.4745
1.07564,4,2,0,26.1189
1.07564,2,3,0,35.7787
1.07564,6,3,0,9.03044
1.07579,2,2,0,45.0799
1.07579,6,2,0,25.4111
1.07593,8,5,0,24.5504
1.07593,4,1,0,23.1347
1.07593,2,1,0,37.7782
1.07593,6,1,0,31.0815
1.07686,6,5,0,23.0821
1.07686,6,3,0,1.88166
1.07686,6,1,0,31.2867
1.07693,2,5,0,33.7574
1.07693,4,1,0,24.9611
1.07693,4,2,0,26.9321
1.07693,8,5,0,18.7959
1.07714,8,7,0,16.3243
1.07721,8,6,0,69.6637
1.07729,2,5,0,34.3158
1.07736,4,3,0,50.3405
1.07736,8,5,0,21.2787
1.0775,2,4,0,30.5599
1.0775,8,4,0,22.6804
1.07764,4,2,0,26.1559
1.07764,2,3,0,36.2822
1.07764,8,3,0,60.3712
1.07779,2,2,0,45.2514
1.07779,8,2,0,67.1217
1.07793,6,5,0,20.7116
1.07793,6,2,0,28.2581
1.07793,4,1,0,33.9383
1.07793,2,1,0,37.8588
1.07793,8,1,0,61.1997
1.07814,8,7,0,18.8245
1.07821,8,6,0,69.6643
1.07836,8,5,0,25.8576
1.0785,8,4,0,24.4858
1.07864,8,3,0,61.6136
1.07879,8,2,0,67.2901
1.07893,2,3,0,37.4317
1.07893,4,1,0,15.7856
1.07893,6,5,0,20.6761
1.07893,6,2,0,24.7327
1.07893,8,1,0,64.1305
1.07929,6,5,0,19.4264
1.07936,4,3,0,63.5646
1.0795,6,4,0,71.3925
1.07964,4,2,0,29.5068
1.07964,6,3,0,9.98344
1.07979,6,2,0,25.148
1.07986,8,5,0,21.4863
1.07993,2,4,0,19.5482
1.07993,2,1,0,38.1847
1.07993,4,1,0,22.9902
1.07993,6,1,0,30.9131
1.08014,8,7,0,17.7383
1.08021,8,6,0,69.7578
1.08029,6,5,0,18.2658
1.08036,8,5,0,26.4183
1.0805,6,4,0,71.3464
1.0805,8,4,0,24.7056
1.08064,6,3,0,10.0449
1.08064,8,3,0,61.4039
1.08079,6,2,0,30.0569
1.08079,8,2,0,66.901
1.08093,2,1,0,37.4566
1.08093,4,2,0,25.7751
1.08093,6,1,0,30.0485
1.08093,8,1,0,63.5088
1.08114,8,7,0,17.4479
1.08121,8,6,0,69.7743
1.08129,2,5,0,34.4627
1.08129,6,5,0,19.2406
1.08136,4,3,0,51.2827
1.08136,8,5,0,22.2107
1.0815,2,4,0,30.9637
1.0815,6,4,0,71.2957
1.0815,8,4,0,23.5043
1.08164,4,2,0,26.0097
1.08164,2,3,0,36.2197
1.08164,6,3,0,8.88253
1.08164,8,3,0,60.4205
1.08179,2,2,0,45.182
1.08179,6,2,0,25.9115
1.08179,8,2,0,66.9124
1.08193,4,1,0,22.8858
1.08193,2,1,0,37.7965
1.08193,6,1,0,29.8037
1.08193,8,1,0,61.1623
1.08229,6,5,0,19.9311
1.08236,4,3,0,63.9204
1.0825,6,4,0,71.0674
1.08264,4,2,0,29.6001
1.08264,6,3,0,10.1813
1.08279,6,2,0,25.7933
1.08293,2,4,0,29.6309
1.08293,8,7,0,19.8796
1.08293,4,1,0,22.9802
1.08293,6,1,0,30.3468
1.08329,2,5,0,35.7156
1.08329,6,5,0,19.4607
1.0835,2,4,0,32.3417
1.0835,6,4,0,71.3709
1.08364,2,3,0,35.8507
1.08364,6,3,0,9.6998
1.08379,2,2,0,44.8219
1.08379,6,2,0,30.1019
1.08393,4,1,0,23.806
1.08393,8,4,0,20.2935
1.08393,2,1,0,37.6907
1.08393,6,1,0,30.9063
1.08429,2,5,0,36.6095
1.08429,6,5,0,18.5964
1.0845,4,2,0,25.6472
1.0845,2,4,0,32.1306
1.0845,6,4,0,71.3125
1.08464,2,3,0,35.9042
1.08464,6,3,0,9.67697
1.08479,2,2,0,44.8809
1.08479,6,2,0,25.2347
1.08493,8,4,0,20.5817
1.08493,4,1,0,24.2843
1.08493,2,1,0,37.7322
1.08493,6,1,0,30.9371
1.08514,8,7,0,15.9273
1.08521,8,6,0,69.4627
1.08529,2,5,0,36.5023
1.08536,8,5,0,21.5723
1.0855,4,2,0,25.7138
1.0855,2,4,0,31.3942
1.0855,8,4,0,22.7176
1.08564,2,3,0,36.2344
1.08564,8,3,0,60.7101
1.08579,2,2,0,45.3167
1.08579,8,2,0,67.2083
1.08593,6,5,0,20.7799
1.08593,6,2,0,25.7139
1.08593,4,1,0,33.9335
1.08593,2,1,0,37.6926
1.08593,8,1,0,61.0891
1.08629,2,5,0,36.6492
1.0865,4,2,0,25.6547
1.0865,2,4,0,31.8031
1.08664,2,3,0,35.917
1.08679,2,2,0,45.0958
1.08693,6,1,0,30.5808
1.08693,8,5,0,24.1775
1.08693,4,1,0,34.7466
1.08693,2,1,0,37.8201
1.08714,8,7,0,17.5352
1.08721,8,6,0,69.5335
1.08729,2,5,0,35.7246
1.08736,8,5,0,22.2771
1.0875,2,4,0,31.616
1.0875,8,4,0,23.6323
1.08764,2,3,0,36.449
1.08764,8,3,0,61.8368
1.08779,2,2,0,45.3229
1.08779,8,2,0,67.3083
1.08793,4,1,0,15.2643
1.08793,6,5,0,23.7505
1.08793,6,1,0,31.7967
1.08793,2,1,0,37.7398
1.08793,8,1,0,62.9971
1.08814,8,7,0,16.0071
1.08821,8,6,0,69.3481
1.08829,2,5,0,36.4852
1.08836,8,5,0,21.6051
1.0885,4,2,0,25.5839
1.0885,2,4,0,31.4402
1.0885,8,4,0,22.8174
1.08864,2,3,0,36.3959
1.08864,8,3,0,60.8784
1.08879,2,2,0,45.1636
1.08879,8,2,0,67.2342
1.08893,6,5,0,20.6466
1.08893,6,1,0,30.6524
1.08893,6,2,0,24.5654
1.08893,4,1,0,33.3313
1.08893,2,1,0,37.6796
1.08893,8,1,0,60.8082
1.08914,8,7,0,18.4036
1.08921,8,6,0,69.595
1.08936,8,5,0,25.7375
1.0895,4,2,0,29.5154
1.0895,8,4,0,24.2447
1.08964,8,3,0,60.8216
1.08979,8,2,0,67.2865
1.08993,2,3,0,37.7903
1.08993,6,5,0,23.1123
1.08993,6,1,0,31.9694
1.08993,6,2,0,22.1203
1.08993,4,1,0,33.9059
1.08993,8,1,0,61.7682
1.09029,6,5,0,18.4843
1.0905,6,4,0,70.7179
1.09064,6,3,0,10.5041
1.09079,6,2,0,29.4853
1.09093,2,3,0,15.6845
1.09093,2,1,0,38.3831
1.09093,4,2,0,26.5788
1.09093,8,7,0,21.8655
1.09093,8,5,0,22.7792
1.09093,6,1,0,30.3054
1.09114,8,7,0,18.4357
1.09121,8,6,0,69.5825
1.09129,6,5,0,17.6777
1.09136,8,5,0,25.7416
1.0915,6,4,0,71.2617
1.0915,8,4,0,24.4331
1.09164,6,3,0,10.0614
1.09164,8,3,0,61.3866
1.09179,6,2,0,29.5761
1.09179,8,2,0,67.152
1.09193,2,3,0,18.4941
1.09193,2,1,0,38.3639
1.09193,4,2,0,26.4545
1.09193,6,1,0,30.12
1.09193,8,1,0,62.6854
1.09229,2,5,0,36.5377
1.09229,6,5,0,18.1709
1.0925,4,2,0,25.5034
1.0925,2,4,0,32.0477
1.0925,6,4,0,71.2907
1.09264,2,3,0,36.1995
1.09264,6,3,0,9.58033
1.09279,2,2,0,44.709
1.09279,6,2,0,25.1456
1.09286,8,4,0,20.8518
1.09293,4,1,0,24.3579
1.09293,2,1,0,37.64
1.09293,6,1,0,30.7438
1.09329,6,5,0,18.7334
1.0935,6,4,0,70.6441
1.09364,6,3,0,10.3823
1.09379,6,2,0,29.4398
1.09386,2,4,0,29.4865
1.09386,4,2,0,27.1518
1.09393,8,7,0,19.6133
1.09393,8,4,0,16.788
1.09393,6,1,0,30.2476
1.09429,2,5,0,35.5942
1.09429,6,5,0,18.6986
1.0945,2,4,0,31.9402
1.0945,6,4,0,70.7101
1.09464,2,3,0,35.8344
1.09464,6,3,0,9.48207
1.09479,2,2,0,44.8469
1.09479,6,2,0,29.6986
1.09493,4,1,0,25.5196
1.09493,8,7,0,21.7557
1.09493,8,4,0,16.2127
1.09493,2,1,0,37.4373
1.09493,6,1,0,29.4986
1.09514,8,7,0,17.4007
1.09521,8,6,0,69.6718
1.09529,2,5,0,36.78
1.09529,6,5,0,17.8384
1.09536,8,5,0,22.5267
1.0955,4,2,0,25.4156
1.0955,2,4,0,31.8385
1.0955,6,4,0,71.2842
1.0955,8,4,0,23.7727
1.09564,2,3,0,36.5685
1.09564,6,3,0,9.03738
1.09564,8,3,0,60.84
1.09579,2,2,0,45.105
1.09579,6,2,0,25.7167
1.09579,8,2,0,67.2286
1.09593,4,1,0,24.2225
1.09593,2,1,0,37.3895
1.09593,6,1,0,29.9152
1.09593,8,1,0,60.9593
1.09614,8,7,0,16.0643
1.09621,8,6,0,69.368
1.09629,2,5,0,36.6117
1.09636,8,5,0,21.7965
1.0965,4,2,0,25.4407
1.0965,2,4,0,31.2672
1.0965,8,4,0,22.8501
1.09664,2,3,0,36.6558
1.09664,8,3,0,60.8192
1.09679,2,2,0,45.1732
1.09679,8,2,0,67.3541
1.09693,6,5,0,20.6187
1.09693,6,2,0,25.2968
1.09693,4,1,0,34.2352
1.09693,2,1,0,37.2115
1.09693,8,1,0,61.0201
1.09714,8,7,0,17.7518
1.09721,8,6,0,69.6158
1.09729,2,5,0,35.4287
1.09736,8,5,0,22.3704
1.0975,2,4,0,31.5779
1.0975,8,4,0,23.5487
1.09764,2,3,0,36.748
1.09764,8,3,0,61.6532
1.09779,2,2,0,45.1375
1.09779,8,2,0,67.2797
1.09793,4,1,0,18.0173
1.09793,6,5,0,24.1261
1.09793,6,1,0,31.6388
1.09793,6,2,0,21.3022
1.09793,2,1,0,37.262
1.09793,8,1,0,62.3401
1.09814,8,7,0,17.2461
1.09821,8,6,0,69.5325
1.09829,2,5,0,36.5114
1.09836,8,5,0,22.323
1.0985,4,2,0,25.2078
1.0985,2,4,0,31.3765
1.0985,8,4,0,23.2479
1.09864,2,3,0,36.6996
1.09864,8,3,0,60.7615
1.09879,2,2,0,45.2222
1.09879,8,2,0,67.3025
1.09893,6,5,0,23.8106
1.09893,6,1,0,32.3063
1.09893,6,2,0,21.84
1.09893,4,1,0,33.5346
1.09893,2,1,0,37.2651
1.09893,8,1,0,61.1407
1.09914,8,7,0,18.4262
1.09921,8,6,0,69.5382
1.09936,8,5,0,25.4411
1.0995,4,2,0,29.4269
1.0995,8,4,0,23.9694
1.09964,8,3,0,60.7155
1.09979,8,2,0,67.4342
1.09993,2,5,0,35.4533
1.09993,6,5,0,23.8919
1.09993,6,1,0,31.9262
1.09993,4,1,0,34.7273
1.09993,8,1,0,61.9783
1.10093,2,3,0,35.6669
1.10093,4,2,0,26.9149
1.10093,6,5,0,22.6614
1.10093,6,1,0,32.6664
1.10093,8,5,0,19.1798
1.10129,6,5,0,18.5363
1.1015,6,4,0,70.5385
1.10164,6,3,0,10.4969
1.10179,6,2,0,29.475
1.10186,2,1,0,37.6098
1.10186,8,7,0,21.8672
1.10186,8,5,0,24.1098
1.10193,4,2,0,27.4306
1.10193,6,1,0,31.0029
1.10229,6,5,0,18.311
1.1025,4,2,0,29.0906
1.1025,6,4,0,70.9894
1.10264,6,3,0,10.4149
1.10279,6,2,0,24.8024
1.10293,2,1,0,36.8477
1.10293,2,5,0,23.9737
1.10293,8,5,0,22.3734
1.10293,4,1,0,24.5928
1.10293,6,1,0,30.4784
1.10329,2,5,0,36.6168
1.10329,6,5,0,18.0571
1.10343,4,2,0,25.1143
1.10343,6,4,0,71.0491
1.1035,2,4,0,32.2713
1.10357,6,3,0,9.86767
1.10364,2,3,0,36.3741
1.10371,6,2,0,24.7614
1.10379,2,2,0,44.6502
1.10386,4,1,0,24.4434
1.10386,6,1,0,30.2534
1.10393,8,5,0,23.9167
1.10393,8,4,0,21.7302
1.10393,2,1,0,37.1464
1.10429,2,5,0,36.8285
1.10429,6,5,0,17.4884
1.1045,4,2,0,25.2095
1.1045,2,4,0,32.094
1.1045,6,4,0,70.4414
1.10464,2,3,0,35.9934
1.10464,6,3,0,9.40475
1.10479,2,2,0,44.8093
1.10479,6,2,0,25.2907
1.10493,8,7,0,21.6319
1.10493,8,5,0,23.6366
1.10493,4,1,0,24.5434
1.10493,2,1,0,36.979
1.10493,6,1,0,29.3583
1.10514,8,7,0,17.4445
1.10521,8,6,0,69.6726
1.10529,2,5,0,36.7064
1.10529,6,5,0,17.286
1.10536,8,5,0,22.5878
1.1055,4,2,0,25.201
1.1055,2,4,0,32.1666
1.1055,6,4,0,70.9154
1.1055,8,4,0,23.6724
1.10564,2,3,0,36.7604
1.10564,6,3,0,9.2617
1.10564,8,3,0,60.7825
1.10579,2,2,0,45.0389
1.10579,6,2,0,25.6751
1.10579,8,2,0,67.3526
1.10593,4,1,0,24.5499
1.10593,2,1,0,36.9181
1.10593,6,1,0,29.4429
1.10593,8,1,0,61.0063
1.10614,8,7,0,17.4468
1.10621,8,6,0,69.6696
1.10629,2,5,0,36.7424
1.10629,6,5,0,17.2906
1.10636,8,5,0,22.7166
1.1065,4,2,0,25.2061
1.1065,2,4,0,32.1944
1.1065,6,4,0,70.974
1.1065,8,4,0,23.7865
1.10664,2,3,0,36.7998
1.10664,6,3,0,9.27611
1.10664,8,3,0,60.7697
1.10679,2,2,0,45.1452
1.10679,6,2,0,25.7448
1.10679,8,2,0,67.3241
1.10693,4,1,0,24.6042
1.10693,2,1,0,36.905
1.10693,6,1,0,29.5325
1.10693,8,1,0,60.9251
1.10714,8,7,0,15.8335
1.10721,8,6,0,69.2868
1.10729,2,5,0,36.3572
1.10736,8,5,0,21.9309
1.1075,4,2,0,25.3042
1.1075,2,4,0,31.6746
1.1075,8,4,0,22.941
1.10764,2,3,0,36.833
1.10764,8,3,0,60.773
1.10779,2,2,0,45.1822
1.10779,8,2,0,67.4425
1.10793,6,5,0,20.8867
1.10793,6,2,0,25.3392
1.10793,4,1,0,34.1789
1.10793,2,1,0,36.9737
1.10793,8,1,0,61.0595
1.10814,8,7,0,16.9082
1.10821,8,6,0,69.6333
1.10829,2,5,0,36.4313
1.10836,8,5,0,22.3632
1.1085,4,2,0,25.3954
1.1085,2,4,0,31.8176
1.1085,8,4,0,23.3064
1.10864,2,3,0,36.8634
1.10864,8,3,0,60.7686
1.10879,2,2,0,45.1178
1.10879,8,2,0,67.4761
1.10893,6,5,0,23.9041
1.10893,6,1,0,32.5698
1.10893,4,1,0,34.1304
1.10893,2,1,0,36.9636
1.10893,8,1,0,61.2771
1.10914,8,7,0,17.4342
1.10921,8,6,0,69.6472
1.10929,2,4,0,31.7157
1.10936,8,5,0,22.7768
1.1095,4,2,0,25.8958
1.1095,2,3,0,36.4479
1.1095,8,4,0,22.4271
1.10964,8,3,0,60.3075
1.10971,2,2,0,44.9593
1.10979,8,2,0,67.4322
1.10993,6,5,0,23.7748
1.10993,6,1,0,32.829
1.10993,4,1,0,34.3297
1.10993,2,1,0,37.1188
1.10993,8,1,0,61.2194
1.11086,4,2,0,27.2544
1.11093,2,5,0,35.5914
1.11093,6,5,0,22.2912
1.11093,6,1,0,32.1193
1.11093,8,5,0,18.9438
1.11193,2,3,0,34.7658
1.11193,2,5,0,33.7939
1.11193,4,2,0,24.9527
1.11193,6,5,0,21.919
1.11193,6,1,0,31.9519
1.11193,8,5,0,21.8115
1.11229,6,5,0,18.6686
1.1125,6,4,0,70.4898
1.11264,6,3,0,10.2777
1.11279,6,2,0,29.7156
1.11293,2,3,0,16.9122
1.11293,2,1,0,37.2299
1.11293,2,5,0,24.5399
1.11293,4,2,0,25.0344
1.11293,8,7,0,21.8358
1.11293,8,5,0,21.8489
1.11293,6,1,0,30.2137
1.11329,6,5,0,18.8911
1.1135,6,4,0,70.4677
1.11364,6,3,0,10.3416
1.11379,6,2,0,29.6682
1.11393,2,3,0,15.7701
1.11393,2,1,0,37.171
1.11393,4,2,0,26.7837
1.11393,8,7,0,21.7617
1.11393,8,5,0,19.8822
1.11393,6,1,0,30.2571
1.11429,2,4,0,31.8721
1.11429,6,5,0,18.7513
1.1145,4,2,0,26.2226
1.1145,2,3,0,36.1067
1.1145,6,4,0,70.2393
1.11464,6,3,0,9.92613
1.11471,2,2,0,44.8337
1.11479,6,2,0,25.4692
1.11493,8,7,0,20.8595
1.11493,8,5,0,24.3761
1.11493,8,4,0,15.9535
1.11493,4,1,0,24.5522
1.11493,2,1,0,36.9444
1.11493,6,1,0,28.6832
1.11514,8,7,0,17.8932
1.11521,8,6,0,69.7147
1.11529,2,4,0,31.96
1.11529,6,5,0,18.7226
1.11536,8,5,0,23.1298
1.1155,4,2,0,26.1544
1.1155,2,3,0,36.5956
1.1155,6,4,0,71.1357
1.1155,8,4,0,22.7881
1.11564,6,3,0,9.73959
1.11564,8,3,0,60.1678
1.11571,2,2,0,44.6714
1.11579,6,2,0,26.112
1.11579,8,2,0,67.244
1.11593,4,1,0,24.5978
1.11593,2,1,0,36.8036
1.11593,6,1,0,29.3692
1.11593,8,1,0,60.6993
1.11614,8,7,0,17.9163
1.11621,8,6,0,69.7838
1.11629,2,4,0,32.0293
1.11629,6,5,0,18.6845
1.11636,8,5,0,23.167
1.1165,4,2,0,26.2344
1.1165,2,3,0,36.5414
1.1165,6,4,0,71.0889
1.1165,8,4,0,22.8061
1.11664,6,3,0,9.7567
1.11664,8,3,0,60.1679
1.11671,2,2,0,44.6799
1.11679,6,2,0,26.1188
1.11679,8,2,0,67.2354
1.11693,4,1,0,24.6899
1.11693,2,1,0,36.743
1.11693,6,1,0,29.2183
1.11693,8,1,0,60.7321
1.11714,8,7,0,17.8349
1.11721,8,6,0,69.7477
1.11729,2,4,0,32.1245
1.11729,6,5,0,18.5476
1.11736,8,5,0,23.0852
1.1175,4,2,0,26.2607
1.1175,2,3,0,36.5615
1.1175,6,4,0,71.1431
1.1175,8,4,0,22.8693
1.11764,6,3,0,9.8
1.11764,8,3,0,60.124
1.11771,2,2,0,44.631
1.11779,6,2,0,26.1308
1.11779,8,2,0,67.2412
1.11793,4,1,0,24.6278
1.11793,2,1,0,36.8062
1.11793,6,1,0,29.2483
1.11793,8,1,0,60.7412
1.11814,8,7,0,16.4361
1.11821,8,6,0,69.3418
1.11829,2,4,0,31.783
1.11836,8,5,0,22.2398
1.1185,4,2,0,26.3167
1.1185,2,3,0,36.6179
1.1185,8,4,0,22.3258
1.11864,8,3,0,60.1364
1.11871,2,2,0,44.7049
1.11879,8,2,0,67.4746
1.11886,6,5,0,20.804
1.11886,6,2,0,25.6156
1.11893,4,1,0,34.1731
1.11893,2,1,0,36.7267
1.11893,8,1,0,61.0416
1.11914,8,7,0,17.4453
1.11921,8,6,0,69.6213
1.11929,2,4,0,31.8166
1.11936,8,5,0,22.7621
1.1195,4,2,0,26.0918
1.1195,2,3,0,36.7207
1.1195,8,4,0,22.7893
1.11964,8,3,0,60.1391
1.11971,2,2,0,44.8153
1.11979,8,2,0,67.3924
1.11993,6,5,0,23.1893
1.11993,6,1,0,32.0688
1.11993,6,2,0,22.4885
1.11993,4,1,0,33.5969
1.11993,2,1,0,36.7391
1.11993,8,1,0,61.0429
1.12014,8,7,0,17.4237
1.12021,8,6,0,69.6115
1.12029,2,4,0,31.8861
1.12036,8,5,0,22.7354
1.1205,4,2,0,26.2081
1.1205,2,3,0,36.7379
1.1205,8,4,0,22.7284
1.12064,8,3,0,60.141
1.12071,2,2,0,44.7979
1.12079,8,2,0,67.3985
1.12093,6,5,0,22.9577
1.12093,6,1,0,32.0866
1.12093,6,2,0,22.4897
1.12093,4,1,0,33.5343
1.12093,2,1,0,36.7718
1.12093,8,1,0,61.0757
1.12129,2,4,0,32.2531
1.1215,2,3,0,36.6856
1.12171,2,2,0,44.8063
1.12193,4,2,0,25.4571
1.12193,6,5,0,19.0309
1.12193,6,1,0,30.9962
1.12193,6,2,0,22.643
1.12193,8,5,0,23.8036
1.12193,2,1,0,36.901
1.1225,4,2,0,30.095
1.12286,8,5,0,20.3439
1.12293,2,3,0,36.1847
1.12293,6,5,0,20.2291
1.12293,6,1,0,30.5102
1.12293,6,2,0,24.0148
1.12293,4,1,0,33.9799
1.12329,6,5,0,18.1909
1.1235,6,4,0,70.465
1.12364,6,3,0,10.4607
1.12379,6,2,0,30.0162
1.12393,2,1,0,35.957
1.12393,4,2,0,27.4547
1.12393,8,7,0,21.2664
1.12393,8,5,0,18.7324
1.12393,6,1,0,30.1862
1.12429,6,5,0,18.3362
1.1245,6,4,0,70.4362
1.12464,6,3,0,10.4352
1.12479,6,2,0,30.011
1.12493,2,1,0,35.8829
1.12493,4,2,0,27.4568
1.12493,8,7,0,21.2774
1.12493,8,5,0,18.7557
1.12493,6,1,0,30.1215
1.12514,4,2,0,25.7336
1.12529,2,4,0,32.4033
1.12529,6,5,0,18.7112
1.1255,2,3,0,36.2379
1.1255,6,3,0,9.3433
1.12571,2,2,0,44.8278
1.12571,6,2,0,25.9175
1.12593,8,7,0,20.7302
1.12593,8,5,0,23.1291
1.12593,4,1,0,24.0013
1.12593,2,1,0,36.6138
1.12593,6,1,0,29.4299
1.12614,8,7,0,17.954
1.12621,8,6,0,69.6398
1.12629,6,5,0,18.8835
1.12636,2,4,0,32.3606
1.12636,8,5,0,23.4015
1.1265,6,3,0,9.18098
1.1265,8,4,0,21.972
1.12664,2,3,0,36.777
1.12664,8,3,0,60.8347
1.12671,6,2,0,26.2495
1.12679,8,2,0,67.0772
1.12693,4,1,0,23.9358
1.12693,2,1,0,36.5999
1.12693,6,1,0,29.8835
1.12693,8,1,0,60.8681
1.12714,8,7,0,17.9508
1.12721,8,6,0,69.6432
1.12729,6,5,0,19.0219
1.12736,2,4,0,32.337
1.12736,8,5,0,23.2034
1.1275,6,3,0,9.19563
1.1275,8,4,0,22.0565
1.12764,2,3,0,36.6764
1.12764,8,3,0,60.8795
1.12771,6,2,0,26.2419
1.12779,8,2,0,67.0649
1.12793,4,1,0,24.0199
1.12793,2,1,0,36.6175
1.12793,6,1,0,29.9132
1.12793,8,1,0,60.9489
1.12814,8,7,0,17.7035
1.12821,8,6,0,69.6778
1.12829,6,5,0,18.7678
1.12836,8,5,0,22.3346
1.1285,6,3,0,8.93519
1.1285,8,4,0,22.0336
1.12864,8,3,0,60.9331
1.12871,6,2,0,26.1609
1.12879,2,3,0,36.3817
1.12879,8,2,0,67.0688
1.12893,4,1,0,24.0289
1.12893,6,1,0,29.5975
1.12893,2,1,0,36.5874
1.12893,8,1,0,60.9589
1.12914,8,7,0,18.7939
1.12921,8,6,0,69.2957
1.12936,8,5,0,26.2716
1.1295,8,4,0,25.1048
1.12964,8,3,0,61.0241
1.12979,8,2,0,67.4602
1.12993,4,1,0,34.2153
1.12993,6,5,0,21.7446
1.12993,6,2,0,26.9142
1.12993,8,1,0,61.7991
1.13014,8,7,0,19.5725
1.13021,8,6,0,69.5605
1.13029,8,5,0,26.9827
1.13043,8,4,0,25.5078
1.13057,8,3,0,61.0461
1.13071,8,2,0,67.3356
1.13086,8,1,0,61.9729
1.13093,4,1,0,33.784
1.13093,6,5,0,23.7606
1.13093,6,1,0,32.3602
1.13114,8,7,0,19.4616
1.13121,8,6,0,69.6263
1.13136,8,5,0,27.0242
1.1315,8,4,0,25.4921
1.13164,8,3,0,61.0677
1.13179,8,2,0,67.3511
1.13193,4,1,0,33.6717
1.13193,6,5,0,23.8664
1.13193,6,1,0,32.3883
1.13193,8,1,0,61.9682
1.13293,4,1,0,34.2236
1.13293,6,5,0,19.1846
1.13293,6,1,0,18.8678
1.13293,8,5,0,29.5696
1.13393,2,3,0,35.1101
1.13393,4,1,0,33.1151
1.13393,6,5,0,18.6804
1.13393,6,1,0,18.2027
1.13393,8,5,0,24.169
1.13429,6,5,0,19.967
1.1345,6,3,0,10.4512
1.13471,6,2,0,25.7943
1.13493,4,1,0,24.1894
1.13493,8,7,0,21.2759
1.13493,6,1,0,30.4451
1.13529,6,5,0,19.977
1.1355,6,3,0,10.4484
1.13571,6,2,0,25.8563
1.13593,4,1,0,24.2798
1.13593,8,7,0,21.2193
1.13593,6,1,0,30.3664
1.13629,6,5,0,19.9629
1.1365,6,3,0,10.4584
1.13671,6,2,0,25.8196
1.13693,4,1,0,24.2505
1.13693,8,7,0,21.2013
1.13693,6,1,0,30.317
1.13714,8,7,0,19.3309
1.13721,8,6,0,69.684
1.13729,6,5,0,19.6534
1.13736,8,5,0,27.4951
1.1375,4,1,0,25.1199
1.1375,6,3,0,9.86554
1.1375,8,4,0,23.8376
1.13764,8,3,0,62.8016
1.13771,6,2,0,32.8017
1.13779,8,2,0,67.5311
1.13793,6,1,0,30.6142
1.13793,8,1,0,64.572
1.13814,8,7,0,19.7367
1.13821,8,6,0,69.6914
1.13829,6,5,0,19.7876
1.13836,8,5,0,28.0276
1.1385,6,3,0,10.2099
1.1385,8,4,0,24.1478
1.13864,8,3,0,62.8027
1.13871,6,2,0,32.6594
1.13879,8,2,0,67.5044
1.13893,6,1,0,30.5664
1.13893,8,1,0,64.6775
1.13914,8,7,0,19.7788
1.13921,8,6,0,69.7708
1.13929,6,5,0,19.7284
1.13936,8,5,0,28.0259
1.1395,6,3,0,10.149
1.1395,8,4,0,24.1171
1.13964,8,3,0,62.7769
1.13971,6,2,0,32.6989
1.13979,8,2,0,67.5632
1.13993,6,1,0,30.4729
1.13993,8,1,0,64.6169
1.14014,8,7,0,18.3956
1.14021,8,6,0,69.4637
1.14029,8,5,0,26.8572
1.14043,8,4,0,25.6237
1.14057,8,3,0,62.7284
1.14071,8,2,0,67.7625
1.14086,8,1,0,64.3717
1.14093,6,5,0,22.2156
1.14093,6,2,0,32.5288
1.14114,8,7,0,19.8821
1.14121,8,6,0,69.8406
1.14136,8,5,0,27.4912
1.1415,8,4,0,25.8784
1.14164,8,3,0,62.7546
1.14179,8,2,0,67.677
1.14186,6,5,0,24.7436
1.14186,6,1,0,31.608
1.14186,6,2,0,28.9782
1.14193,8,1,0,65.3281
1.14214,8,7,0,19.8621
1.14221,8,6,0,69.7213
1.14236,8,5,0,27.6398
1.1425,8,4,0,25.9965
1.14264,8,3,0,62.7331
1.14279,8,2,0,67.8465
1.14293,6,5,0,24.6122
1.14293,6,1,0,32.886
1.14293,8,1,0,64.9757
1.14393,6,5,0,20.0608
1.14393,8,5,0,29.6666
1.14493,6,5,0,20.0876
1.14493,8,5,0,29.5882
1.14529,6,5,0,20.7324
1.1455,6,3,0,10.7182
1.14571,6,2,0,31.7069
1.14586,6,1,0,30.8017
1.14593,8,7,0,14.2249
1.14593,8,5,0,29.9763
1.14629,6,5,0,20.4031
1.1465,6,3,0,10.6424
1.14671,6,2,0,31.7477
1.14693,8,7,0,21.7699
1.14693,8,5,0,30.0431
1.14693,6,1,0,29.7783
1.14729,6,5,0,20.5599
1.1475,6,3,0,10.6341
1.14771,6,2,0,31.7231
1.14793,8,7,0,21.7017
1.14793,8,5,0,30.1499
1.14793,6,1,0,29.7206
1.14814,8,7,0,20.3769
1.14821,8,6,0,69.7185
1.14829,6,5,0,20.3398
1.14836,8,5,0,28.1744
1.1485,6,3,0,10.2218
1.1485,8,4,0,23.9838
1.14864,8,3,0,62.7334
1.14871,6,2,0,32.4422
1.14879,8,2,0,67.5354
1.14893,6,1,0,30.3153
1.14893,8,1,0,64.8337
1.14914,8,7,0,20.3315
1.14921,8,6,0,69.7479
1.14929,6,5,0,20.3653
1.14936,8,5,0,28.161
1.1495,6,3,0,10.3558
1.1495,8,4,0,23.8926
1.14964,8,3,0,62.7981
1.14971,6,2,0,32.4531
1.14979,8,2,0,67.5329
1.14993,6,1,0,30.3788
1.14993,8,1,0,64.8446
1.15014,8,7,0,20.2705
1.15021,8,6,0,69.8223
1.15029,6,5,0,20.3545
1.15029,8,5,0,28.2094
1.15043,8,4,0,23.8968
1.1505,6,3,0,10.4167
1.15057,8,3,0,62.8204
1.15071,6,2,0,32.7081
1.15071,8,2,0,67.4589
1.15086,8,1,0,64.9564
1.15093,6,1,0,30.3298
1.15114,8,7,0,20.2512
1.15121,8,6,0,69.7513
1.15136,8,5,0,27.5129
1.1515,8,4,0,25.6914
1.15164,8,3,0,62.8333
1.15179,8,2,0,67.5275
1.15193,6,5,0,25.406
1.15193,6,1,0,31.7642
1.15193,6,2,0,28.739
1.15193,8,1,0,65.1475
1.15214,8,7,0,20.1205
1.15221,8,6,0,69.763
1.15236,8,5,0,27.4497
1.1525,8,4,0,25.6962
1.15264,8,3,0,62.8714
1.15279,8,2,0,67.5941
1.15293,6,5,0,25.5718
1.15293,6,1,0,32.7114
1.15293,8,1,0,65.3101
1.15393,6,5,0,25.9089
1.15393,6,1,0,32.9919
1.15393,8,4,0,23.1155
1.15493,6,5,0,25.5397
1.15493,6,1,0,32.7091
1.15493,8,5,0,28.9038
1.15593,6,5,0,25.2035
1.15593,6,1,0,32.1048
1.15593,8,5,0,28.8087
1.15593,8,4,0,24.7013
1.15629,6,5,0,20.0777
1.1565,6,3,0,10.8923
1.15671,6,2,0,31.8984
1.15686,6,1,0,29.6725
1.15693,8,7,0,22.6945
1.15693,8,5,0,31.0547
1.15729,6,5,0,20.0386
1.1575,6,3,0,10.8478
1.15771,6,2,0,31.9379
1.15793,8,7,0,22.1355
1.15793,8,5,0,31.1312
1.15793,6,1,0,29.7373
1.15829,6,5,0,18.9952
1.15829,8,7,0,19.9595
1.1585,6,3,0,8.64218
1.1585,8,6,0,69.7643
1.15871,6,2,0,30.0237
1.15871,8,5,0,26.4307
1.15893,6,1,0,31.112
1.15893,8,4,0,25.3783
1.15929,6,5,0,18.8597
1.15929,8,7,0,19.9163
1.1595,6,3,0,8.69711
1.1595,8,6,0,69.7872
1.15971,6,2,0,29.8948
1.15971,8,5,0,26.4319
1.15986,8,4,0,25.4156
1.15993,6,1,0,31.27
1.16029,6,5,0,18.8759
1.16029,8,7,0,19.88
1.1605,6,3,0,8.55646
1.1605,8,6,0,69.8286
1.16071,6,2,0,29.9511
1.16071,8,5,0,26.4359
1.16093,6,1,0,31.1375
1.16093,8,4,0,25.4878
1.16129,8,7,0,21.8796
1.1615,8,6,0,69.7156
1.16171,8,5,0,27.8724
1.16193,6,1,0,32.8167
1.16193,8,4,0,26.0354
1.16229,8,7,0,20.5959
1.1625,8,6,0,69.6923
1.16271,8,5,0,27.6674
1.16293,6,5,0,25.4781
1.16293,6,1,0,32.4961
1.16293,8,4,0,25.875
1.16393,6,5,0,25.1891
1.16393,6,1,0,32.199
1.16393,8,5,0,29.2446
1.16493,6,5,0,25.6881
1.16493,6,1,0,32.9177
1.16493,8,5,0,29.9918
1.16493,8,4,0,23.3567
1.16593,6,5,0,25.7231
1.16593,6,3,0,2.65432
1.16593,6,1,0,32.3132
1.16593,8,7,0,-2.06613
1.16593,8,5,0,29.6146
1.16593,8,4,0,24.4028
1.16629,6,5,0,20.8185
1.1665,6,3,0,10.6681
1.16671,6,2,0,31.2333
1.16693,8,5,0,28.7693
1.16693,8,4,0,24.759
1.16693,6,1,0,30.2003
1.16729,6,5,0,20.5238
1.1675,6,3,0,10.4333
1.16771,6,2,0,31.0895
1.16793,8,7,0,10.7594
1.16793,8,5,0,28.1122
1.16793,8,4,0,25.1611
1.16793,6,1,0,30.3289
1.16829,6,5,0,19.1128
1.16829,8,7,0,19.5386
1.1685,6,3,0,8.44854
1.1685,8,6,0,69.7132
1.16871,6,2,0,29.9188
1.16871,8,5,0,26.408
1.16893,6,1,0,31.3479
1.16893,8,4,0,25.5898
1.16929,6,5,0,19.1477
1.16929,8,7,0,19.511
1.1695,6,3,0,8.45966
1.1695,8,6,0,69.6819
1.16971,6,2,0,30.0047
1.16971,8,5,0,26.4955
1.16993,6,1,0,31.3662
1.16993,8,4,0,25.6028
1.17029,6,5,0,20.3613
1.1705,6,3,0,10.5868
1.17071,6,2,0,31.8485
1.17093,8,7,0,22.024
1.17093,6,1,0,30.0244
1.17129,6,5,0,19.2165
1.17129,8,7,0,19.519
1.1715,6,3,0,8.34462
1.1715,8,6,0,69.6859
1.17171,6,2,0,30.1111
1.17171,8,5,0,26.5034
1.17193,6,1,0,31.4235
1.17193,8,4,0,25.6655
1.17286,8,7,0,20.4553
1.17293,6,1,0,28.9484
1.17393,6,5,0,23.3634
1.17393,6,1,0,29.5555
1.17393,8,7,0,19.8617
1.17393,8,5,0,32.0008
1.17493,6,5,0,24.365
1.17493,6,1,0,31.7448
1.17493,8,7,0,11.5417
1.17493,8,5,0,28.3403
1.17529,8,7,0,20.337
1.1755,8,6,0,69.6817
1.17571,8,5,0,27.8392
1.17593,6,5,0,25.2203
1.17593,6,1,0,32.8542
1.17593,8,4,0,26.24
1.17693,6,5,0,24.9712
1.17693,6,1,0,32.4025
1.17693,8,5,0,29.3198
1.17729,6,5,0,19.4611
1.17729,8,7,0,19.2922
1.1775,6,3,0,8.37932
1.1775,8,6,0,69.7521
1.17771,6,2,0,30.1321
1.17771,8,5,0,26.6044
1.17793,6,1,0,31.2803
1.17793,8,4,0,25.9517
1.17829,6,5,0,19.4505
1.17829,8,7,0,19.3766
1.1785,6,3,0,8.34984
1.1785,8,6,0,69.7458
1.17871,8,5,0,26.6418
1.17879,6,2,0,30.1538
1.17893,8,4,0,25.704
1.17893,6,1,0,31.2712
1.17929,8,7,0,19.3727
1.17936,6,5,0,19.9809
1.1795,8,6,0,69.742
1.17964,6,3,0,9.16196
1.17971,8,5,0,27.7719
1.17993,6,2,0,30.3453
1.17993,8,4,0,25.0897
1.18029,8,7,0,19.3665
1.18036,6,5,0,19.9281
1.1805,8,6,0,69.7443
1.18064,6,3,0,9.09642
1.18071,8,5,0,27.683
1.18093,6,2,0,30.3923
1.18093,8,4,0,25.0843
1.18129,8,7,0,19.4479
1.18136,6,5,0,19.8549
1.1815,8,6,0,69.6801
1.18164,6,3,0,9.05432
1.18171,8,5,0,27.6528
1.18186,8,4,0,25.0111
1.18193,6,2,0,29.3193
1.18236,6,5,0,20.6455
1.18264,6,3,0,10.3944
1.18293,8,7,0,21.8341
1.18293,6,2,0,31.7746
1.18386,6,1,0,28.3887
1.18393,8,7,0,22.0755
1.18493,6,5,0,20.4494
1.18493,8,7,0,12.9408
1.18493,8,5,0,28.9834
1.18593,6,5,0,20.2185
1.18593,8,5,0,29.7032
1.18693,6,5,0,18.8732
1.18693,8,7,0,21.0654
1.18729,8,7,0,20.9483
1.1875,8,6,0,69.7498
1.18771,8,5,0,28.0925
1.18793,6,5,0,21.7673
1.18793,8,4,0,26.1677
1.18829,8,7,0,19.827
1.18836,6,5,0,20.1334
1.1885,8,6,0,69.6787
1.18864,6,3,0,9.33053
1.18871,8,5,0,27.607
1.18893,6,2,0,30.4107
1.18893,8,4,0,25.2436
1.18929,8,7,0,19.8761
1.18936,6,5,0,20.2161
1.1895,8,6,0,69.6485
1.18964,6,3,0,9.30205
1.18971,8,5,0,27.5979
1.18993,6,2,0,30.4613
1.18993,8,4,0,25.2406
1.19029,8,7,0,19.9014
1.19036,6,5,0,20.2469
1.1905,8,6,0,69.6105
1.19064,6,3,0,9.34603
1.19071,8,5,0,27.5459
1.19093,6,2,0,30.4439
1.19093,8,4,0,25.2714
1.19129,8,7,0,19.8921
1.19136,6,5,0,20.4037
1.1915,8,6,0,69.5437
1.19164,6,3,0,9.29346
1.19171,8,5,0,27.4538
1.19193,6,2,0,30.5118
1.19193,8,4,0,25.3118
1.19229,8,7,0,19.9564
1.19236,6,5,0,20.5298
1.1925,8,6,0,69.5535
1.19264,6,3,0,9.26659
1.19271,8,5,0,27.4846
1.19293,6,2,0,30.6161
1.19293,8,4,0,25.2825
1.19393,6,2,0,32.1402
1.19393,8,7,0,16.3461
1.19493,6,2,0,32.1353
1.19493,8,7,0,16.5404
1.19593,6,5,0,22.7072
1.19593,6,2,0,30.1409
1.19593,8,5,0,28.1573
1.19693,6,5,0,22.5784
1.19693,6,2,0,30.083
1.19693,8,5,0,28.2841
1.19793,6,5,0,21.707
1.19793,6,2,0,30.4909
1.19793,8,7,0,16.3106
1.19793,8,5,0,30.9043
1.19829,6,5,0,20.536
1.19857,6,3,0,10.5794
1.19886,6,2,0,31.9172
1.19893,8,7,0,23.4974
1.19936,6,5,0,20.4511
1.19964,6,3,0,10.5355
1.19993,8,7,0,23.315
1.19993,6,2,0,32.0072
1.20029,8,7,0,20.2831
1.20036,6,5,0,19.542
1.2005,8,6,0,69.3863
1.20064,6,3,0,9.17159
1.20071,8,5,0,27.6043
1.20093,6,2,0,30.6299
1.20093,8,4,0,24.9931
1.20129,8,7,0,20.3001
1.20136,6,5,0,19.5259
1.2015,8,6,0,69.3524
1.20164,6,3,0,9.04913
1.20171,8,5,0,27.591
1.20193,6,2,0,30.6355
1.20193,8,4,0,25.0471
1.20236,6,5,0,20.3286
1.20264,6,3,0,10.3754
1.20286,8,7,0,23.6677
1.20293,6,2,0,32.2495
1.20329,8,7,0,20.4906
1.20336,6,5,0,19.7293
1.2035,8,6,0,69.3313
1.20364,6,3,0,9.00408
1.20371,8,5,0,27.5238
1.20393,6,2,0,30.5848
1.20393,8,4,0,25.0869
1.20429,8,7,0,19.8878
1.2045,8,6,0,69.1597
1.20471,8,5,0,27.0068
1.20493,6,2,0,33.5275
1.20493,8,4,0,26.1057
1.20593,6,5,0,22.2679
1.20593,6,2,0,30.689
1.20593,8,7,0,19.4236
1.20693,6,5,0,22.0633
1.20693,6,2,0,29.5842
1.20693,8,7,0,8.71977
1.20693,8,5,0,27.0712
1.20729,8,7,0,21.3877
1.2075,8,6,0,69.3149
1.20771,8,5,0,27.9005
1.20793,6,5,0,22.4681
1.20793,8,4,0,26.2535
1.20893,6,5,0,22.8229
1.20893,6,2,0,30.0135
1.20893,8,5,0,28.3152
1.20936,6,5,0,20.3575
1.20964,6,3,0,10.1874
1.20993,8,7,0,21.4773
1.20993,8,5,0,31.3413
1.20993,6,2,0,31.6998
1.21029,8,7,0,20.1544
1.21036,6,5,0,19.9286
1.2105,8,6,0,69.3885
1.21064,6,3,0,8.98215
1.21071,8,5,0,27.4757
1.21086,8,4,0,25.1426
1.21093,6,2,0,31.2548
1.21129,8,7,0,20.0764
1.21136,6,5,0,19.8237
1.2115,8,6,0,69.3624
1.21164,6,3,0,9.00846
1.21171,8,5,0,27.4236
1.21193,6,2,0,30.4227
1.21193,8,4,0,25.1143
1.21229,8,7,0,20.0573
1.2125,6,5,0,20.1902
1.2125,8,6,0,69.3726
1.21271,8,5,0,27.9215
1.21293,6,3,0,9.8286
1.21293,8,4,0,24.4261
1.21329,8,7,0,19.9238
1.2135,6,5,0,20.0934
1.2135,8,6,0,69.4149
1.21371,8,5,0,27.8487
1.21393,6,3,0,9.77038
1.21393,8,4,0,24.4455
1.21429,8,7,0,19.9806
1.2145,6,5,0,20.0057
1.2145,8,6,0,69.35
1.21471,8,5,0,27.8142
1.21493,6,3,0,9.88478
1.21493,8,4,0,24.4306
1.21529,8,7,0,19.8202
1.2155,8,6,0,69.1708
1.21571,8,5,0,26.7215
1.21593,6,2,0,33.3042
1.21593,8,4,0,25.9848
1.21693,6,5,0,18.3334
1.21693,6,2,0,13.9272
1.21693,8,7,0,22.3561
1.21793,6,5,0,18.2541
1.21793,8,5,0,29.3109
1.21893,6,5,0,18.1494
1.21893,8,7,0,21.5831
1.21993,6,5,0,18.1762
1.21993,8,7,0,20.1302
1.21993,8,5,0,30.2824
1.2205,6,5,0,20.5603
1.22086,8,7,0,13.0796
1.22086,8,5,0,28.4322
1.22093,6,3,0,10.6608
1.22129,8,7,0,19.5949
1.22143,6,5,0,20.0258
1.2215,8,6,0,69.3613
1.22171,8,5,0,27.7918
1.22186,6,3,0,9.95062
1.22193,8,4,0,24.4005
1.22229,8,7,0,19.6589
1.2225,6,5,0,20.3086
1.2225,8,6,0,69.2971
1.22271,8,5,0,27.7681
1.22293,6,3,0,10.1274
1.22293,8,4,0,24.5139
1.22329,8,7,0,19.7253
1.2235,6,5,0,20.298
1.2235,8,6,0,69.3067
1.22371,8,5,0,27.8204
1.22393,6,3,0,10.1632
1.22393,8,4,0,24.5002
1.22429,8,7,0,19.8524
1.2245,6,5,0,20.4076
1.2245,8,6,0,69.2606
1.22471,8,5,0,27.8944
1.22493,6,3,0,10.18
1.22493,8,4,0,24.4821
1.22543,6,5,0,20.1249
1.22586,6,3,0,10.618
1.22593,8,7,0,23.7731
1.22629,8,7,0,20.0789
1.22643,8,6,0,69.2538
1.2265,6,5,0,20.1577
1.22664,8,5,0,27.8884
1.22693,6,3,0,10.1715
1.22693,8,4,0,24.504
1.2275,6,5,0,20.1558
1.22793,8,7,0,23.7735
1.22793,6,3,0,10.8148
1.2285,6,5,0,20.0112
1.22893,8,7,0,22.3837
1.22893,8,5,0,29.9204
1.22893,6,3,0,10.5782
1.2295,6,5,0,20.3982
1.22993,8,7,0,14.0446
1.22993,8,5,0,28.8574
1.22993,6,3,0,10.7162
1.23029,8,7,0,20.4901
1.2305,6,5,0,19.2159
1.23057,8,5,0,27.9365
1.23086,8,4,0,24.5568
1.23093,6,3,0,10.3867
1.2315,6,5,0,20.3185
1.23193,8,5,0,30.0414
1.23193,6,3,0,10.7819
1.23236,8,7,0,20.7223
1.2325,6,5,0,18.9242
1.23264,8,5,0,27.895
1.23293,6,3,0,10.2862
1.23293,8,4,0,24.5989
1.23336,8,7,0,20.7043
1.2335,6,5,0,18.8687
1.23364,8,5,0,27.8227
1.23393,6,3,0,10.2332
1.23393,8,4,0,24.6278
1.2345,6,5,0,20.4354
1.23493,8,7,0,24.5144
1.23493,6,3,0,10.7072
1.23536,8,7,0,21.4072
1.23564,8,5,0,27.8532
1.23593,6,5,0,19.3454
1.23593,8,4,0,26.0465
1.23636,8,7,0,20.8327
1.23643,6,5,0,19.201
1.23664,8,5,0,27.8777
1.23686,6,3,0,10.2084
1.23693,8,4,0,25.2802
1.23736,8,7,0,21.222
1.23764,8,5,0,27.7812
1.23793,6,5,0,20.3145
1.23793,8,4,0,25.9831
1.23893,6,5,0,19.5477
1.23893,8,7,0,22.395
1.23929,8,7,0,20.6447
1.2395,6,5,0,20.2278
1.23957,8,5,0,27.7924
1.23986,8,4,0,24.4787
1.23993,6,3,0,10.2952
1.2405,6,5,0,21.3316
1.24093,8,5,0,29.4812
1.24093,6,3,0,10.6511
1.24136,8,7,0,20.7068
1.2415,6,5,0,20.2321
1.24164,8,5,0,27.7836
1.24193,6,3,0,10.0724
1.24193,8,4,0,24.4006
1.2425,6,5,0,21.2817
1.24293,8,5,0,29.4805
1.24293,6,3,0,10.5192
1.24336,8,7,0,20.6508
1.2435,6,5,0,20.223
1.24364,8,5,0,27.838
1.24393,6,3,0,10.0216
1.24393,8,4,0,24.3923
1.24436,8,7,0,20.6789
1.2445,6,5,0,20.1505
1.24464,8,5,0,27.7278
1.24493,6,3,0,9.98937
1.24493,8,4,0,24.4583
1.24536,8,7,0,20.6376
1.2455,6,5,0,19.9852
1.24564,8,5,0,27.7134
1.24593,6,3,0,9.94469
1.24593,8,4,0,24.4388
1.24636,8,7,0,21.1267
1.24664,8,5,0,27.6982
1.24693,6,5,0,20.7419
1.24693,8,4,0,26.0058
1.2475,6,5,0,19.4302
1.2475,8,7,0,20.6577
1.24793,6,3,0,9.99649
1.24793,8,4,0,24.5752
1.2485,8,7,0,21.2217
1.24893,6,5,0,20.1173
1.24893,8,4,0,26.0734
1.24993,6,5,0,18.2986
1.24993,8,7,0,22.145
1.2505,6,5,0,19.2879
1.2505,8,7,0,20.6038
1.25093,6,3,0,10.1179
1.25093,8,4,0,24.6266
1.2515,6,5,0,21.0106
1.25193,8,5,0,29.1977
1.25193,6,3,0,10.5319
1.25243,8,7,0,21.2639
1.25286,8,4,0,25.8747
1.25293,6,5,0,20.2249
1.2535,6,5,0,19.4654
1.2535,8,7,0,20.5868
1.25393,6,3,0,10.0007
1.25393,8,4,0,24.567
1.2545,6,5,0,19.6997
1.2545,8,7,0,20.6161
1.25493,6,3,0,10.0892
1.25493,8,4,0,24.6973
1.2555,8,7,0,21.2144
1.25593,6,5,0,21.172
1.25593,8,4,0,26.2002
1.2565,6,5,0,20.02
1.2565,8,7,0,20.5081
1.25693,6,3,0,10.0262
1.25693,8,4,0,24.9238
1.2575,6,5,0,19.9889
1.2575,8,7,0,20.4073
1.25793,6,3,0,10.1031
1.25793,8,4,0,24.9465
1.2585,6,5,0,19.9662
1.2585,8,7,0,20.3426
1.25893,6,3,0,10.1665
1.25893,8,4,0,25.0326
1.2595,8,7,0,20.9112
1.25993,6,5,0,21.7209
1.25993,8,4,0,26.336
1.2605,6,5,0,21.0533
1.26093,8,7,0,21.8952
1.26093,6,3,0,10.3836
1.2615,6,5,0,20.0741
1.26164,8,7,0,19.9399
1.26186,8,4,0,24.9841
1.26193,6,3,0,9.86313
1.26293,6,5,0,20.5901
1.26293,8,7,0,20.526
1.26386,6,5,0,20.3538
1.26393,8,7,0,20.7523
1.2645,6,5,0,19.7137
1.26493,8,7,0,19.7043
1.26493,6,3,0,8.76865
1.2655,6,5,0,19.5833
1.26593,8,7,0,19.6249
1.26593,6,3,0,8.72205
1.26693,6,5,0,18.9293
1.26693,8,7,0,18.9082
1.2675,6,5,0,19.5398
1.26793,8,7,0,19.5505
1.26793,6,3,0,8.6859
1.2685,6,5,0,19.5387
1.26893,8,7,0,19.5571
1.26893,6,3,0,8.74355
1.26993,6,3,0,4.27602
1.26993,8,7,0,20.4241
1.27093,6,5,0,19.0726
1.27093,6,3,0,8.86108
1.27093,8,7,0,19.5291
1.2715,6,5,0,20.0379
1.27193,8,7,0,19.5519
1.27193,6,3,0,8.7133
1.27293,6,5,0,20.2954
1.27293,8,7,0,20.479
1.27393,6,5,0,20.5311
1.27393,8,7,0,20.4984
1.27436,6,5,0,20.1872
1.27493,8,7,0,19.6683
1.27493,6,3,0,8.67737
1.27593,6,3,0,8.64042
1.27593,8,7,0,19.6787
1.27693,6,3,0,8.63219
1.27693,8,7,0,19.6997
1.27793,6,3,0,8.76146
1.27793,8,7,0,19.8084
1.27886,6,3,0,8.76343
1.27893,8,7,0,20.2824
1.27993,6,3,0,8.87732
1.27993,8,7,0,19.9186
1.28093,6,3,0,8.89788
1.28093,8,7,0,19.9306
1.28193,6,3,0,8.95206
1.28193,8,7,0,19.9535
1.28286,8,7,0,20.0215
1.28293,6,3,0,9.22005
1.28393,6,3,0,8.98474
1.28393,8,7,0,20.0226
1.28493,6,3,0,9.02635
1.28493,8,7,0,20.1638
1.28593,6,3,0,9.0851
1.28593,8,7,0,20.1384
1.28693,6,3,0,9.14292
1.28693,8,7,0,20.2084
1.28793,6,3,0,9.21644
1.28793,8,7,0,20.2404
1.28893,6,3,0,9.2538
1.28893,8,7,0,20.1314
1.28993,6,3,0,9.14545
1.28993,8,7,0,20.1095
1.29086,8,7,0,20.0956
1.29093,6,3,0,9.4389
1.29193,6,3,0,9.22896
1.29193,8,7,0,20.1423
1.29293,6,3,0,9.21698
1.29293,8,7,0,20.0859
1.29393,6,3,0,9.14296
1.29393,8,7,0,20.0872
1.29493,6,3,0,9.23357
1.29493,8,7,0,20.1174
1.29593,6,3,0,9.71694
1.29593,8,7,0,20.1538
1.29693,6,3,0,9.28161
1.29693,8,7,0,20.0895
1.29793,6,3,0,9.3443
1.29793,8,7,0,20.0901
1.29893,6,3,0,9.31723
1.29893,8,7,0,20.1183
1.29993,6,3,0,9.36034
1.29993,8,7,0,20.1524
1.30086,8,7,0,20.0327
1.30093,6,3,0,9.64957
1.30186,6,3,0,9.44372
1.30193,8,7,0,20.2649
1.30293,6,3,0,9.45621
1.30293,8,7,0,19.7632
1.30393,6,3,0,9.54814
1.30393,8,7,0,19.6469
1.30493,6,3,0,9.5566
1.30493,8,7,0,19.582
1.30586,6,3,0,9.45809
1.30593,8,7,0,19.9722
1.30671,8,7,0,19.38
1.30693,6,3,0,10.1243
1.30793,6,3,0,11.5625
1.30893,6,3,0,11.5552
1.30993,6,3,0,11.4929
1.31093,6,3,0,11.5121
1.31193,6,3,0,10.6524
1.31193,8,7,0,19.5933
1.31293,6,3,0,11.5716
1.31393,6,3,0,11.6266
1.31493,6,3,0,11.5922
1.31593,6,3,0,11.5352
1.31686,6,3,0,11.5986
1.31793,6,3,0,11.4588
1.31893,6,3,0,11.4604
1.31993,6,3,0,11.5404
1.32093,6,3,0,11.5246
1.32193,6,3,0,11.4723
1.32293,6,3,0,11.4428
1.32393,6,3,0,11.4516
1.32493,6,3,0,11.4326
1.32593,6,3,0,11.3912
1.32693,6,3,0,11.3096
1.32793,6,3,0,11.3734
1.32893,6,3,0,11.4383
1.32993,6,3,0,11.4792
1.33093,6,3,0,11.5705
1.33193,6,3,0,11.6829
1.33293,6,3,0,11.7119
1.33393,6,3,0,11.7586
1.33493,6,3,0,11.6914
1.33593,6,3,0,11.7891
1.33693,6,3,0,11.8437
1.33793,6,3,0,11.9281
1.33893,6,3,0,11.8865
1.33993,6,3,0,11.9473
1.34093,6,3,0,11.95
1.34193,6,3,0,11.9304
1.34293,6,3,0,11.9173
1.34386,6,3,0,11.96
1.34493,6,3,0,11.9032
1.34593,6,3,0,11.9612
1.34693,6,3,0,11.9177
1.34793,6,3,0,11.9715
1.34893,6,3,0,11.9036
1.34993,6,3,0,12.0328
1.35093,6,3,0,12.0429
1.35193,6,3,0,12.0925
1.35293,6,3,0,12.1981
1.35393,6,3,0,12.1928
1.35493,6,3,0,12.2285
1.35593,6,3,0,12.2519
1.35693,6,3,0,12.2724
1.35793,6,3,0,12.2184
1.35886,6,3,0,12.2432
1.35993,6,3,0,12.26
1.36093,6,3,0,12.2002
1.36193,6,3,0,12.2553
1.36293,6,3,0,12.3659
1.36393,6,3,0,12.3693
1.36493,6,3,0,12.3363
1.36593,6,3,0,12.2815
1.36693,6,3,0,12.3394
1.36793,6,3,0,12.4146
1.36893,6,3,0,12.4134
1.36993,6,3,0,12.4261
1.37093,6,3,0,12.4082
1.37193,6,3,0,12.4187
1.37293,6,3,0,12.4029
1.37393,6,3,0,12.3654
1.37493,6,3,0,12.4144
1.37593,6,3,0,12.4877
1.37693,6,3,0,12.435
1.37793,6,3,0,12.3513
1.37893,6,3,0,12.3123
1.37993,6,3,0,12.1266
1.38093,6,3,0,12.0487
1.38186,6,3,0,11.9639
1.38293,6,3,0,12.0694
1.38393,6,3,0,12.1121
1.38493,6,3,0,12.0756
1.38586,6,3,0,12.141
1.38693,6,3,0,12.1129
1.38793,6,3,0,12.1625
1.38893,6,3,0,12.1323
1.38993,6,3,0,12.1006
1.39093,6,3,0,12.0877
1.39193,6,3,0,12.0519
1.39293,6,3,0,12.1244
1.39393,6,3,0,12.0821
1.39493,6,3,0,12.0309
1.39593,6,3,0,12.0934
1.39686,6,3,0,12.0707
1.39793,6,3,0,12.0317
1.39893,6,3,0,12.1268
1.39993,6,3,0,12.047
1.40093,6,3,0,12.0209
1.40193,6,3,0,12.0255
1.40293,6,3,0,12.0624
1.40393,6,3,0,12.0886
1.40493,6,3,0,12.0516
1.40593,6,3,0,12.0742
1.40693,6,3,0,11.9229
1.40793,6,3,0,11.8659
1.40893,6,3,0,11.8073
1.40993,6,3,0,11.9544
1.41093,6,3,0,11.9767
1.41193,6,3,0,12.0207
1.41293,6,3,0,12.0432
1.41393,6,3,0,11.9825
1.41493,6,3,0,11.9872
1.41593,6,3,0,12.0068
1.41693,6,3,0,12.0138
1.41793,6,3,0,11.9368
1.41893,6,3,0,11.9899
1.41993,6,3,0,12.02
1.42093,6,3,0,11.9086
1.42193,6,3,0,11.923
1.42293,6,3,0,11.9726
1.42386,6,3,0,12.0441
1.42493,6,3,0,12.0406
1.42593,6,3,0,11.9532
1.42693,6,3,0,11.9047
1.42793,6,3,0,11.9453
1.42893,6,3,0,11.9637
1.42993,6,3,0,12.0229
1.43093,6,3,0,12.034
1.43193,6,3,0,11.9038
1.43293,6,3,0,11.9388
1.43393,6,3,0,11.8631
1.43493,6,3,0,11.9653
1.43593,6,3,0,12.0313
1.43693,6,3,0,12.0169
1.43793,6,3,0,11.9503
1.43886,6,3,0,11.9176
1.43993,6,3,0,11.8703
1.44093,6,3,0,11.8659
1.44193,6,3,0,11.9429
1.44293,6,3,0,12.0511
1.44393,6,3,0,12.0709
1.44493,6,3,0,12.0935
1.44593,6,3,0,12.0368
1.44693,6,3,0,11.9324
1.44793,6,3,0,11.9323
1.44893,6,3,0,11.8896
1.44993,6,3,0,11.8769
1.45093,6,3,0,11.9334
1.45193,6,3,0,11.9684
1.45293,6,3,0,11.9822
1.45393,6,3,0,11.9876
1.45493,6,3,0,12.0157
1.45593,6,3,0,12.0516
1.45693,6,3,0,12.1211
1.45793,6,3,0,12.1511
1.45893,6,3,0,12.1347
1.45993,6,3,0,12.0691
1.46093,6,3,0,12.1005
1.46186,6,3,0,12.0486
1.46293,6,3,0,12.0496
1.46393,6,3,0,12.0652
1.46493,6,3,0,12.1004
1.46586,6,3,0,12.077
1.46693,6,3,0,12.0681
1.46793,6,3,0,12.0765
1.46893,6,3,0,12.0148
1.46993,6,3,0,11.958
1.47093,6,3,0,11.9869
1.47193,6,3,0,12.0311
1.47293,6,3,0,12.0199
1.47393,6,3,0,12.0361
1.47471,6,3,0,11.9986
