time(s),cellId,rnti,lcid,packetSize,delay(s)
1.01324,8,7,3,228,0.00224286
1.01331,8,6,3,228,0.00231428
1.01339,2,5,3,697,0.00238571
1.01339,4,3,3,697,0.00238571
1.01339,6,5,3,697,0.00238571
1.01346,8,5,3,463,0.00245714
1.01353,2,4,3,463,0.00252857
1.0136,6,4,3,697,0.0026
1.0136,8,4,3,463,0.0026
1.01367,4,2,3,932,0.00267142
1.01367,2,3,3,463,0.00267142
1.01374,6,3,3,463,0.00274285
1.01374,8,3,3,463,0.00274285
1.01381,2,2,3,463,0.00281428
1.01389,6,2,3,463,0.00288571
1.01389,8,2,3,463,0.00288571
1.01396,4,1,3,932,0.00295714
1.01396,2,1,3,463,0.00295714
1.01403,6,1,3,463,0.00302856
1.01403,8,1,3,463,0.00302856
1.01424,8,7,3,228,0.00224286
1.01431,8,6,3,228,0.00231428
1.01439,2,5,3,697,0.00238571
1.01439,6,5,3,697,0.00238571
1.01446,4,3,3,932,0.00245714
1.01446,8,5,3,463,0.00245714
1.0146,2,4,3,697,0.0026
1.0146,6,4,3,697,0.0026
1.0146,8,4,3,463,0.0026
1.01474,4,2,3,932,0.00274285
1.01474,2,3,3,463,0.00274285
1.01474,6,3,3,463,0.00274285
1.01474,8,3,3,463,0.00274285
1.01489,2,2,3,463,0.00288571
1.01489,6,2,3,463,0.00288571
1.01489,8,2,3,463,0.00288571
1.01503,4,1,3,932,0.00302856
1.01503,2,1,3,463,0.00302856
1.01503,6,1,3,463,0.00302856
1.01503,8,1,3,463,0.00302856
1.01524,8,7,3,228,0.00224286
1.01531,8,6,3,228,0.00231428
1.01539,2,5,3,697,0.00238571
1.01539,6,5,3,697,0.00238571
1.01546,4,3,3,932,0.00245714
1.01546,8,5,3,463,0.00245714
1.0156,2,4,3,697,0.0026
1.0156,6,4,3,697,0.0026
1.0156,8,4,3,463,0.0026
1.01574,4,2,3,932,0.00274285
1.01574,2,3,3,463,0.00274285
1.01574,6,3,3,463,0.00274285
1.01574,8,3,3,463,0.00274285
1.01589,2,2,3,463,0.00288571
1.01589,6,2,3,463,0.00288571
1.01589,8,2,3,463,0.00288571
1.01603,4,1,3,932,0.00302856
1.01603,2,1,3,463,0.00302856
1.01603,6,1,3,463,0.00302856
1.01603,8,1,3,463,0.00302856
1.01624,8,7,3,228,0.00224286
1.01631,8,6,3,228,0.00231428
1.01639,2,5,3,697,0.00238571
1.01639,6,5,3,697,0.00238571
1.01646,4,3,3,932,0.00245714
1.01646,8,5,3,463,0.00245714
1.0166,2,4,3,697,0.0026
1.0166,6,4,3,697,0.0026
1.0166,8,4,3,463,0.0026
1.01674,4,2,3,932,0.00274285
1.01674,2,3,3,463,0.00274285
1.01674,6,3,3,463,0.00274285
1.01674,8,3,3,463,0.00274285
1.01689,2,2,3,463,0.00288571
1.01689,6,2,3,463,0.00288571
1.01689,8,2,3,463,0.00288571
1.01703,4,1,3,932,0.00302856
1.01703,2,1,3,463,0.00302856
1.01703,6,1,3,463,0.00302856
1.01703,8,1,3,463,0.00302856
1.01724,8,7,3,228,0.00224286
1.01731,8,6,3,228,0.00231428
1.01739,2,5,3,697,0.00238571
1.01739,6,5,3,697,0.00238571
1.01746,4,3,3,932,0.00245714
1.01746,8,5,3,463,0.00245714
1.0176,2,4,3,697,0.0026
1.0176,6,4,3,697,0.0026
1.0176,8,4,3,463,0.0026
1.01774,4,2,3,932,0.00274285
1.01774,2,3,3,463,0.00274285
1.01774,6,3,3,463,0.00274285
1.01774,8,3,3,463,0.00274285
1.01789,2,2,3,463,0.00288571
1.01789,6,2,3,463,0.00288571
1.01789,8,2,3,463,0.00288571
1.01803,4,1,3,932,0.00302856
1.01803,2,1,3,463,0.00302856
1.01803,6,1,3,463,0.00302856
1.01803,8,1,3,463,0.00302856
1.01824,8,7,3,228,0.00224286
1.01831,8,6,3,228,0.00231428
1.01839,2,5,3,697,0.00238571
1.01839,6,5,3,697,0.00238571
1.01846,4,3,3,932,0.00245714
1.01846,8,5,3,463,0.00245714
1.0186,2,4,3,697,0.0026
1.0186,6,4,3,697,0.0026
1.0186,8,4,3,463,0.0026
1.01874,4,2,3,932,0.00274285
1.01874,2,3,3,463,0.00274285
1.01874,6,3,3,463,0.00274285
1.01874,8,3,3,463,0.00274285
1.01889,2,2,3,463,0.00288571
1.01889,6,2,3,463,0.00288571
1.01889,8,2,3,463,0.00288571
1.01903,4,1,3,932,0.00302856
1.01903,2,1,3,463,0.00302856
1.01903,6,1,3,463,0.00302856
1.01903,8,1,3,463,0.00302856
1.01924,8,7,3,1283,0.00224286
1.01931,8,6,3,8057,0.00231428
1.01939,2,5,3,17080,0.00238571
1.01939,6,5,3,3851,0.00238571
1.01946,4,3,3,32234,0.00245714
1.01946,8,5,3,5604,0.00245714
1.0196,2,4,3,17080,0.0026
1.0196,6,4,3,24176,0.0026
1.0196,8,4,3,7005,0.0026
1.01974,4,2,3,15767,0.00274285
1.01974,2,3,3,14890,0.00274285
1.01974,6,3,3,463,0.00274285
1.01974,8,3,3,16115,0.00274285
1.01989,2,2,3,16115,0.00288571
1.01989,6,2,3,7005,0.00288571
1.01989,8,2,3,16115,0.00288571
1.02003,2,1,3,14890,0.00302856
1.02003,6,1,3,9634,0.00302856
1.02003,8,1,3,16115,0.00302856
1.02024,8,7,3,1283,0.00224286
1.02031,8,6,3,8057,0.00231428
1.02039,2,5,3,17080,0.00238571
1.02039,6,5,3,3851,0.00238571
1.02046,4,3,3,32234,0.00245714
1.02046,8,5,3,5604,0.00245714
1.0206,2,4,3,17080,0.0026
1.0206,6,4,3,24176,0.0026
1.0206,8,4,3,7005,0.0026
1.02074,4,2,3,15767,0.00274285
1.02074,2,3,3,14890,0.00274285
1.02074,6,3,3,463,0.00274285
1.02074,8,3,3,16115,0.00274285
1.02089,2,2,3,16115,0.00288571
1.02089,6,2,3,7005,0.00288571
1.02089,8,2,3,16115,0.00288571
1.02103,4,1,3,7005,0.00302856
1.02103,2,1,3,14890,0.00302856
1.02103,6,1,3,9634,0.00302856
1.02103,8,1,3,16115,0.00302856
1.02124,8,7,3,1283,0.00224286
1.02131,8,6,3,8057,0.00231428
1.02139,2,5,3,17080,0.00238571
1.02139,6,5,3,5255,0.00238571
1.02146,4,3,3,32234,0.00245714
1.02153,2,4,3,11387,0.00252857
1.02153,8,4,3,7005,0.00252857
1.0216,6,4,3,24176,0.0026
1.02167,2,3,3,14890,0.00267142
1.02167,8,3,3,16115,0.00267142
1.02174,4,2,3,15767,0.00274285
1.02174,6,3,3,463,0.00274285
1.02181,2,2,3,16115,0.00281428
1.02181,8,2,3,16115,0.00281428
1.02189,6,2,3,7005,0.00288571
1.02196,2,1,3,14890,0.00295714
1.02196,8,1,3,16115,0.00295714
1.02203,4,1,3,7005,0.00302856
1.02203,6,1,3,9634,0.00302856
1.02224,8,7,3,1283,0.00224286
1.02231,8,6,3,8057,0.00231428
1.02239,2,5,3,17080,0.00238571
1.02239,6,5,3,5255,0.00238571
1.02246,4,3,3,32234,0.00245714
1.02246,8,5,3,5604,0.00245714
1.0226,2,4,3,17080,0.0026
1.0226,6,4,3,24176,0.0026
1.0226,8,4,3,7005,0.0026
1.02274,4,2,3,15767,0.00274285
1.02274,2,3,3,14890,0.00274285
1.02274,6,3,3,463,0.00274285
1.02274,8,3,3,16115,0.00274285
1.02289,2,2,3,16115,0.00288571
1.02289,6,2,3,7005,0.00288571
1.02289,8,2,3,16115,0.00288571
1.02303,4,1,3,7005,0.00302856
1.02303,2,1,3,14890,0.00302856
1.02303,6,1,3,9634,0.00302856
1.02303,8,1,3,16115,0.00302856
1.02324,8,7,3,1283,0.00224286
1.02331,8,6,3,8057,0.00231428
1.02339,2,5,3,17080,0.00238571
1.02339,4,3,3,24176,0.00238571
1.02339,6,5,3,5255,0.00238571
1.02346,8,5,3,5604,0.00245714
1.02353,6,4,3,16115,0.00252857
1.0236,2,4,3,17080,0.0026
1.02367,4,2,3,15767,0.00267142
1.02367,6,3,3,463,0.00267142
1.02374,2,3,3,14890,0.00274285
1.02374,8,3,3,16115,0.00274285
1.02381,6,2,3,7005,0.00281428
1.02389,2,2,3,16115,0.00288571
1.02389,8,2,3,16115,0.00288571
1.02396,4,1,3,7005,0.00295714
1.02396,6,1,3,9634,0.00295714
1.02403,2,1,3,14890,0.00302856
1.02403,8,1,3,16115,0.00302856
1.02424,8,7,3,1283,0.00224286
1.02431,8,6,3,8057,0.00231428
1.02439,2,5,3,17080,0.00238571
1.02446,8,5,3,5604,0.00245714
1.0246,2,4,3,17080,0.0026
1.0246,6,4,3,24176,0.0026
1.0246,8,4,3,7005,0.0026
1.02474,2,3,3,14890,0.00274285
1.02474,6,3,3,463,0.00274285
1.02474,8,3,3,16115,0.00274285
1.02489,2,2,3,16115,0.00288571
1.02489,6,2,3,7005,0.00288571
1.02489,8,2,3,16115,0.00288571
1.02503,4,1,3,8641,0.00802856
1.02503,2,1,3,14890,0.00302856
1.02503,6,1,3,9634,0.00302856
1.02503,8,1,3,16115,0.00302856
1.02524,8,7,3,1283,0.00224286
1.02531,8,6,3,8057,0.00231428
1.02539,2,5,3,17080,0.00238571
1.02539,6,5,3,5255,0.00238571
1.02546,4,3,3,32234,0.00245714
1.02546,8,5,3,5604,0.00245714
1.0256,2,4,3,17080,0.0026
1.0256,6,4,3,24176,0.0026
1.0256,8,4,3,7005,0.0026
1.02574,4,2,3,15767,0.00274285
1.02574,2,3,3,14890,0.00274285
1.02574,6,3,3,463,0.00274285
1.02574,8,3,3,16115,0.00274285
1.02589,2,2,3,16115,0.00288571
1.02589,6,2,3,7005,0.00288571
1.02589,8,2,3,16115,0.00288571
1.02603,4,1,3,7005,0.00302856
1.02603,2,1,3,14890,0.00302856
1.02603,6,1,3,9634,0.00302856
1.02603,8,1,3,16115,0.00302856
1.02639,2,5,3,17080,0.00238571
1.02639,6,5,3,5255,0.00238571
1.02646,4,3,3,32234,0.00245714
1.0266,2,4,3,17080,0.0026
1.0266,6,4,3,24176,0.0026
1.02674,4,2,3,15767,0.00274285
1.02674,2,3,3,14890,0.00274285
1.02674,6,3,3,463,0.00274285
1.02689,2,2,3,16115,0.00288571
1.02689,6,2,3,7005,0.00288571
1.02703,8,5,3,2802,0.00802856
1.02703,4,1,3,7005,0.00302856
1.02703,2,1,3,14890,0.00302856
1.02703,6,1,3,9634,0.00302856
1.02724,8,7,3,1283,0.00224286
1.02731,8,6,3,8057,0.00231428
1.02739,2,5,3,17080,0.00238571
1.02739,6,5,3,5255,0.00238571
1.02746,4,3,3,32234,0.00245714
1.02746,8,5,3,4320,0.00245714
1.0276,2,4,3,17080,0.0026
1.0276,6,4,3,24176,0.0026
1.0276,8,4,3,7005,0.0026
1.02774,2,3,3,14890,0.00274285
1.02774,6,3,3,463,0.00274285
1.02774,8,3,3,16115,0.00274285
1.02789,2,2,3,16115,0.00288571
1.02789,6,2,3,7005,0.00288571
1.02789,8,2,3,16115,0.00288571
1.02803,4,1,3,7005,0.00302856
1.02803,2,1,3,14890,0.00302856
1.02803,8,1,3,16115,0.00302856
1.02839,2,5,3,17080,0.00238571
1.02839,6,5,3,5255,0.00238571
1.02846,4,3,3,32234,0.00245714
1.0286,2,4,3,17080,0.0026
1.0286,6,4,3,24176,0.0026
1.02874,4,2,3,15767,0.00274285
1.02874,2,3,3,14890,0.00274285
1.02874,6,3,3,463,0.00274285
1.02889,2,2,3,16115,0.00288571
1.02889,6,2,3,7005,0.00288571
1.02903,8,4,3,7005,0.00802856
1.02903,4,1,3,7005,0.00302856
1.02903,2,1,3,14890,0.00302856
1.02903,6,1,3,9634,0.00302856
1.02924,8,7,3,1283,0.00224286
1.02931,8,6,3,8057,0.00231428
1.02939,2,5,3,17080,0.00238571
1.02946,4,3,3,32234,0.00245714
1.02946,8,5,3,5604,0.00245714
1.0296,2,4,3,17080,0.0026
1.0296,8,4,3,5604,0.0026
1.02974,4,2,3,15767,0.00274285
1.02974,2,3,3,14890,0.00274285
1.02974,8,3,3,16115,0.00274285
1.02989,2,2,3,16115,0.00288571
1.02989,8,2,3,16115,0.00288571
1.03003,6,5,3,5255,0.00802856
1.03003,4,1,3,7005,0.00302856
1.03003,2,1,3,14890,0.00302856
1.03003,8,1,3,16115,0.00302856
1.03024,8,7,3,1283,0.00224286
1.03031,8,6,3,8057,0.00231428
1.03039,2,5,3,19709,0.00238571
1.03039,4,3,3,24176,0.00238571
1.03039,6,5,3,5255,0.00238571
1.03046,8,5,3,5604,0.00245714
1.0306,2,4,3,17080,0.0026
1.0306,6,4,3,24176,0.0026
1.0306,8,4,3,7005,0.0026
1.03067,4,2,3,15767,0.00267142
1.03074,2,3,3,14890,0.00274285
1.03074,6,3,3,463,0.00274285
1.03074,8,3,3,16115,0.00274285
1.03089,2,2,3,16115,0.00288571
1.03089,8,2,3,16115,0.00288571
1.03103,2,1,3,14890,0.00302856
1.03103,6,1,3,9634,0.00302856
1.03103,8,1,3,16115,0.00302856
1.03124,8,7,3,1283,0.00224286
1.03131,8,6,3,8057,0.00231428
1.03139,2,5,3,17080,0.00238571
1.03139,6,5,3,5255,0.00238571
1.03146,4,3,3,32234,0.00245714
1.03146,8,5,3,5604,0.00245714
1.0316,2,4,3,17080,0.0026
1.0316,6,4,3,24176,0.0026
1.0316,8,4,3,7005,0.0026
1.03174,4,2,3,15767,0.00274285
1.03174,2,3,3,14890,0.00274285
1.03174,6,3,3,463,0.00274285
1.03174,8,3,3,16115,0.00274285
1.03189,2,2,3,16115,0.00288571
1.03189,6,2,3,7005,0.00288571
1.03189,8,2,3,16115,0.00288571
1.03203,4,1,3,7005,0.00302856
1.03203,2,1,3,14890,0.00302856
1.03203,6,1,3,9634,0.00302856
1.03203,8,1,3,16115,0.00302856
1.03224,8,7,3,1283,0.00224286
1.03231,8,6,3,8057,0.00231428
1.03239,2,5,3,17080,0.00238571
1.0326,2,4,3,17080,0.0026
1.0326,8,4,3,7005,0.0026
1.03274,2,3,3,14890,0.00274285
1.03274,8,3,3,16115,0.00274285
1.03289,2,2,3,16115,0.00288571
1.03289,8,2,3,16115,0.00288571
1.03303,4,2,3,19269,0.00802856
1.03303,6,1,3,11387,0.00802856
1.03303,2,1,3,14890,0.00302856
1.03303,8,1,3,16115,0.00302856
1.03324,8,7,3,1283,0.00224286
1.03331,8,6,3,8057,0.00231428
1.03339,2,5,3,17080,0.00238571
1.03339,6,5,3,5255,0.00238571
1.03346,4,3,3,32234,0.00245714
1.03346,8,5,3,5604,0.00245714
1.0336,2,4,3,17080,0.0026
1.0336,6,4,3,24176,0.0026
1.0336,8,4,3,7005,0.0026
1.03374,4,2,3,15767,0.00274285
1.03374,2,3,3,14890,0.00274285
1.03374,6,3,3,463,0.00274285
1.03374,8,3,3,16115,0.00274285
1.03389,2,2,3,16115,0.00288571
1.03389,6,2,3,7005,0.00288571
1.03389,8,2,3,16115,0.00288571
1.03403,4,1,3,7005,0.00302856
1.03403,2,1,3,14890,0.00302856
1.03403,6,1,3,9634,0.00302856
1.03403,8,1,3,16115,0.00302856
1.03424,8,7,3,1283,0.00224286
1.03431,8,6,3,8057,0.00231428
1.03439,2,5,3,17080,0.00238571
1.03439,6,5,3,5255,0.00238571
1.03446,4,3,3,32234,0.00245714
1.03446,8,5,3,5604,0.00245714
1.0346,2,4,3,17080,0.0026
1.0346,6,4,3,24176,0.0026
1.03474,4,2,3,15767,0.00274285
1.03474,2,3,3,14890,0.00274285
1.03474,6,3,3,463,0.00274285
1.03474,8,3,3,16115,0.00274285
1.03489,2,2,3,16115,0.00288571
1.03489,6,2,3,7005,0.00288571
1.03489,8,2,3,16115,0.00288571
1.03503,4,1,3,8641,0.00302856
1.03503,2,1,3,14890,0.00302856
1.03503,8,1,3,16115,0.00302856
1.03524,8,7,3,1283,0.00224286
1.03531,8,6,3,8057,0.00231428
1.03539,2,5,3,17080,0.00238571
1.03546,8,5,3,5604,0.00245714
1.0356,2,4,3,17080,0.0026
1.0356,8,4,3,5604,0.0026
1.03574,2,3,3,14890,0.00274285
1.03574,8,3,3,16115,0.00274285
1.03589,2,2,3,16115,0.00288571
1.03589,8,2,3,16115,0.00288571
1.03603,4,1,3,19269,0.00802856
1.03603,6,2,3,9634,0.00802856
1.03603,2,1,3,14890,0.00302856
1.03603,8,1,3,16115,0.00302856
1.03624,8,7,3,1283,0.00224286
1.03631,8,6,3,8057,0.00231428
1.03639,2,5,3,19709,0.00238571
1.03639,6,5,3,3851,0.00238571
1.03646,4,3,3,32234,0.00245714
1.03646,8,5,3,5604,0.00245714
1.0366,2,4,3,17080,0.0026
1.0366,6,4,3,24176,0.0026
1.0366,8,4,3,7005,0.0026
1.03674,4,2,3,15767,0.00274285
1.03674,2,3,3,14890,0.00274285
1.03674,6,3,3,463,0.00274285
1.03674,8,3,3,16115,0.00274285
1.03689,2,2,3,16115,0.00288571
1.03689,6,2,3,7005,0.00288571
1.03689,8,2,3,16115,0.00288571
1.03703,4,1,3,8641,0.00302856
1.03703,2,1,3,14890,0.00302856
1.03703,6,1,3,9634,0.00302856
1.03703,8,1,3,16115,0.00302856
1.03739,2,5,3,19709,0.00238571
1.03739,6,5,3,3851,0.00238571
1.03746,4,3,3,32234,0.00245714
1.0376,2,4,3,17080,0.0026
1.0376,6,4,3,24176,0.0026
1.03774,4,2,3,15767,0.00274285
1.03774,2,3,3,14890,0.00274285
1.03774,6,3,3,463,0.00274285
1.03789,2,2,3,16115,0.00288571
1.03789,6,2,3,7005,0.00288571
1.03803,8,5,3,16115,0.00802856
1.03803,4,1,3,8641,0.00302856
1.03803,2,1,3,14890,0.00302856
1.03803,6,1,3,9634,0.00302856
1.03824,8,7,3,1283,0.00224286
1.03831,8,6,3,8057,0.00231428
1.03839,6,5,3,3851,0.00238571
1.03846,4,3,3,32234,0.00245714
1.03846,8,5,3,5604,0.00245714
1.03853,6,4,3,16115,0.00252857
1.0386,2,4,3,17080,0.0026
1.03867,6,3,3,463,0.00267142
1.03874,8,3,3,16115,0.00274285
1.03881,6,2,3,7005,0.00281428
1.03889,2,2,3,16115,0.00288571
1.03889,8,2,3,16115,0.00288571
1.03903,4,1,3,8641,0.00302856
1.03903,2,1,3,14890,0.00302856
1.03903,8,1,3,16115,0.00302856
1.03939,2,5,3,19709,0.00238571
1.03946,4,3,3,32234,0.00245714
1.0396,2,4,3,17080,0.0026
1.03974,4,2,3,15767,0.00274285
1.03974,2,3,3,14890,0.00274285
1.03989,2,2,3,16115,0.00288571
1.04003,6,1,3,11387,0.00802856
1.04003,8,4,3,9634,0.00802856
1.04003,4,1,3,8641,0.00302856
1.04003,2,1,3,14890,0.00302856
1.04024,8,7,3,1283,0.00224286
1.04031,8,6,3,8057,0.00231428
1.04039,2,5,3,19709,0.00238571
1.04046,4,3,3,32234,0.00245714
1.04046,8,5,3,5604,0.00245714
1.0406,2,4,3,17080,0.0026
1.0406,6,4,3,24176,0.0026
1.0406,8,4,3,7005,0.0026
1.04074,4,2,3,15767,0.00274285
1.04074,2,3,3,14890,0.00274285
1.04074,6,3,3,463,0.00274285
1.04074,8,3,3,16115,0.00274285
1.04089,2,2,3,16115,0.00288571
1.04089,6,2,3,7005,0.00288571
1.04089,8,2,3,16115,0.00288571
1.04103,4,1,3,8641,0.00302856
1.04103,2,1,3,14890,0.00302856
1.04103,6,1,3,9634,0.00302856
1.04103,8,1,3,16115,0.00302856
1.04124,8,7,3,1283,0.00224286
1.04131,8,6,3,8057,0.00231428
1.04139,2,5,3,19709,0.00238571
1.04146,4,3,3,32234,0.00245714
1.04146,8,5,3,4320,0.00245714
1.0416,2,4,3,17080,0.0026
1.0416,6,4,3,24176,0.0026
1.0416,8,4,3,5604,0.0026
1.04174,4,2,3,15767,0.00274285
1.04174,2,3,3,14890,0.00274285
1.04174,6,3,3,463,0.00274285
1.04174,8,3,3,16115,0.00274285
1.04189,2,2,3,16115,0.00288571
1.04189,8,2,3,16115,0.00288571
1.04203,2,1,3,14890,0.00302856
1.04203,6,1,3,9634,0.00302856
1.04203,8,1,3,16115,0.00302856
1.04224,8,7,3,1283,0.00224286
1.04231,8,6,3,8057,0.00231428
1.04239,2,5,3,19709,0.00238571
1.04239,6,5,3,5255,0.00238571
1.04246,4,3,3,32234,0.00245714
1.04253,8,4,3,7005,0.00252857
1.0426,2,4,3,17080,0.0026
1.0426,6,4,3,24176,0.0026
1.04267,8,3,3,16115,0.00267142
1.04274,4,2,3,15767,0.00274285
1.04274,2,3,3,14890,0.00274285
1.04274,6,3,3,463,0.00274285
1.04281,8,2,3,16115,0.00281428
1.04289,2,2,3,16115,0.00288571
1.04289,6,2,3,7005,0.00288571
1.04296,8,1,3,16115,0.00295714
1.04303,4,1,3,8641,0.00302856
1.04303,2,1,3,14890,0.00302856
1.04303,6,1,3,9634,0.00302856
1.04403,2,3,3,14890,0.00802856
1.04403,2,5,3,22335,0.00802856
1.04403,4,2,3,19269,0.00802856
1.04403,6,1,3,16115,0.00802856
1.04403,8,4,3,7005,0.00802856
1.04424,8,7,3,1283,0.00224286
1.04431,8,6,3,8057,0.00231428
1.04439,2,5,3,19709,0.00238571
1.04439,6,5,3,3851,0.00238571
1.04446,4,3,3,32234,0.00245714
1.04446,8,5,3,5604,0.00245714
1.0446,2,4,3,17080,0.0026
1.0446,6,4,3,24176,0.0026
1.0446,8,4,3,5604,0.0026
1.04474,4,2,3,15767,0.00274285
1.04474,2,3,3,14890,0.00274285
1.04474,6,3,3,463,0.00274285
1.04474,8,3,3,16115,0.00274285
1.04489,2,2,3,16115,0.00288571
1.04489,6,2,3,7005,0.00288571
1.04489,8,2,3,16115,0.00288571
1.04503,2,1,3,14890,0.00302856
1.04503,6,1,3,11387,0.00302856
1.04503,8,1,3,16115,0.00302856
1.04524,8,7,3,1283,0.00224286
1.04531,8,6,3,8057,0.00231428
1.04539,2,5,3,19709,0.00238571
1.04546,4,3,3,32234,0.00245714
1.04546,8,5,3,5604,0.00245714
1.0456,2,4,3,17080,0.0026
1.04574,4,2,3,15767,0.00274285
1.04574,2,3,3,14890,0.00274285
1.04574,8,3,3,16115,0.00274285
1.04589,2,2,3,16115,0.00288571
1.04589,8,2,3,16115,0.00288571
1.04603,6,5,3,5255,0.00802856
1.04603,2,1,3,14890,0.00302856
1.04603,8,1,3,16115,0.00302856
1.04631,8,6,3,8057,0.00231428
1.04639,2,5,3,19709,0.00238571
1.04646,8,5,3,5604,0.00245714
1.0466,2,4,3,17080,0.0026
1.04674,8,3,3,16115,0.00274285
1.04689,2,2,3,16115,0.00288571
1.04689,8,2,3,16115,0.00288571
1.04703,4,1,3,11211,0.00802856
1.04703,6,5,3,5255,0.00802856
1.04703,6,2,3,11387,0.00802856
1.04703,2,1,3,14890,0.00302856
1.04703,8,1,3,16115,0.00302856
1.04739,2,5,3,19709,0.00238571
1.04739,6,5,3,3851,0.00238571
1.04746,4,3,3,32234,0.00245714
1.0476,2,4,3,17080,0.0026
1.0476,6,4,3,24176,0.0026
1.04774,4,2,3,15767,0.00274285
1.04774,2,3,3,14890,0.00274285
1.04774,6,3,3,463,0.00274285
1.04789,2,2,3,16115,0.00288571
1.04789,6,2,3,7005,0.00288571
1.04803,8,5,3,2802,0.00802856
1.04803,4,1,3,8641,0.00302856
1.04803,2,1,3,14890,0.00302856
1.04803,6,1,3,9634,0.00302856
1.04824,8,7,3,1283,0.00224286
1.04831,8,6,3,8057,0.00231428
1.04839,2,5,3,19709,0.00238571
1.04839,6,5,3,3851,0.00238571
1.04846,4,3,3,32234,0.00245714
1.04846,8,5,3,4320,0.00245714
1.0486,2,4,3,17080,0.0026
1.0486,6,4,3,24176,0.0026
1.0486,8,4,3,7005,0.0026
1.04874,4,2,3,15767,0.00274285
1.04874,2,3,3,14890,0.00274285
1.04874,6,3,3,463,0.00274285
1.04874,8,3,3,16115,0.00274285
1.04889,2,2,3,16115,0.00288571
1.04889,6,2,3,7005,0.00288571
1.04889,8,2,3,16115,0.00288571
1.04903,4,1,3,8641,0.00302856
1.04903,2,1,3,14890,0.00302856
1.04903,8,1,3,16115,0.00302856
1.04924,8,7,3,1283,0.00224286
1.04931,8,6,3,8057,0.00231428
1.04939,6,5,3,3851,0.00238571
1.04946,8,5,3,4320,0.00245714
1.0496,2,4,3,17080,0.0026
1.0496,6,4,3,24176,0.0026
1.0496,8,4,3,7005,0.0026
1.04974,2,3,3,14890,0.00274285
1.04974,6,3,3,463,0.00274285
1.04974,8,3,3,16115,0.00274285
1.04989,2,2,3,16115,0.00288571
1.04989,6,2,3,7005,0.00288571
1.04989,8,2,3,16115,0.00288571
1.05003,4,1,3,19269,0.00802856
1.05003,2,1,3,14890,0.00302856
1.05003,8,1,3,16115,0.00302856
1.05039,2,5,3,19709,0.00238571
1.05039,6,5,3,5255,0.00238571
1.0506,2,4,3,17080,0.0026
1.0506,6,4,3,24176,0.0026
1.05074,2,3,3,14890,0.00274285
1.05074,6,3,3,463,0.00274285
1.05089,2,2,3,16115,0.00288571
1.05089,6,2,3,7005,0.00288571
1.05096,8,4,3,7882,0.00795714
1.05103,4,1,3,22775,0.00802856
1.05103,2,1,3,14890,0.00302856
1.05103,6,1,3,9634,0.00302856
1.05146,4,3,3,32234,0.00245714
1.0516,6,4,3,24176,0.0026
1.05174,4,2,3,15767,0.00274285
1.05174,6,3,3,463,0.00274285
1.05189,6,2,3,7005,0.00288571
1.05203,2,3,3,14890,0.00802856
1.05203,8,7,3,1283,0.00802856
1.05203,8,4,3,7005,0.00802856
1.05203,6,1,3,9634,0.00302856
1.05224,8,7,3,873,0.00224286
1.05231,8,6,3,8057,0.00231428
1.05239,2,5,3,19709,0.00238571
1.05246,4,3,3,32234,0.00245714
1.05246,8,5,3,5604,0.00245714
1.0526,2,4,3,17080,0.0026
1.0526,6,4,3,24176,0.0026
1.0526,8,4,3,5604,0.0026
1.05274,4,2,3,15767,0.00274285
1.05274,2,3,3,14890,0.00274285
1.05274,6,3,3,463,0.00274285
1.05274,8,3,3,16115,0.00274285
1.05289,2,2,3,16115,0.00288571
1.05289,8,2,3,16115,0.00288571
1.05303,4,1,3,5138,0.00302856
1.05303,2,1,3,14890,0.00302856
1.05303,6,1,3,9634,0.00302856
1.05303,8,1,3,16115,0.00302856
1.05324,8,7,3,873,0.00224286
1.05331,8,6,3,8057,0.00231428
1.05339,2,5,3,19709,0.00238571
1.05346,4,3,3,32234,0.00245714
1.0536,2,4,3,17080,0.0026
1.0536,8,4,3,5604,0.0026
1.05374,4,2,3,15767,0.00274285
1.05374,2,3,3,14890,0.00274285
1.05374,8,3,3,16115,0.00274285
1.05389,2,2,3,16115,0.00288571
1.05389,8,2,3,16115,0.00288571
1.05403,6,1,3,11387,0.00802856
1.05403,4,1,3,8641,0.00302856
1.05403,2,1,3,14890,0.00302856
1.05403,8,1,3,16115,0.00302856
1.05424,8,7,3,1283,0.00224286
1.05431,8,6,3,8057,0.00231428
1.05446,4,3,3,32234,0.00245714
1.05446,8,5,3,5604,0.00245714
1.05474,4,2,3,15767,0.00274285
1.05474,8,3,3,16115,0.00274285
1.05489,8,2,3,16115,0.00288571
1.05503,2,5,3,22335,0.00802856
1.05503,6,1,3,16115,0.00802856
1.05503,4,1,3,8641,0.00302856
1.05503,8,1,3,16115,0.00302856
1.05524,8,7,3,1283,0.00224286
1.05531,8,6,3,8057,0.00231428
1.05539,2,5,3,19709,0.00238571
1.05539,6,5,3,3851,0.00238571
1.05546,4,3,3,32234,0.00245714
1.05546,8,5,3,5604,0.00245714
1.0556,2,4,3,17080,0.0026
1.0556,6,4,3,24176,0.0026
1.0556,8,4,3,7005,0.0026
1.05574,4,2,3,15767,0.00274285
1.05574,2,3,3,14890,0.00274285
1.05574,6,3,3,463,0.00274285
1.05574,8,3,3,16115,0.00274285
1.05589,2,2,3,16115,0.00288571
1.05589,8,2,3,16115,0.00288571
1.05603,2,1,3,16115,0.00302856
1.05603,6,1,3,9634,0.00302856
1.05603,8,1,3,16115,0.00302856
1.05624,8,7,3,1283,0.00224286
1.05631,8,6,3,8057,0.00231428
1.05639,2,5,3,19709,0.00238571
1.05646,8,5,3,5604,0.00245714
1.0566,2,4,3,17080,0.0026
1.05674,2,3,3,14890,0.00274285
1.05674,8,3,3,16115,0.00274285
1.05689,2,2,3,16115,0.00288571
1.05689,8,2,3,16115,0.00288571
1.05703,4,1,3,19269,0.00802856
1.05703,6,5,3,11824,0.00802856
1.05703,8,1,3,16115,0.00302856
1.05731,8,6,3,8057,0.00231428
1.05739,2,5,3,19709,0.00238571
1.05746,4,3,3,32234,0.00245714
1.05753,2,4,3,11387,0.00252857
1.0576,8,4,3,4320,0.0026
1.05774,8,3,3,16115,0.00274285
1.05781,2,2,3,16115,0.00281428
1.05789,8,2,3,16115,0.00288571
1.05796,2,1,3,16115,0.00295714
1.05803,6,5,3,10511,0.00802856
1.05803,6,2,3,7882,0.00802856
1.05803,4,1,3,8641,0.00302856
1.05803,8,1,3,16115,0.00302856
1.05839,2,5,3,19709,0.00238571
1.05839,6,5,3,3851,0.00238571
1.05846,4,3,3,32234,0.00245714
1.0586,2,4,3,17080,0.0026
1.0586,6,4,3,24176,0.0026
1.05874,4,2,3,15767,0.00274285
1.05874,2,3,3,14890,0.00274285
1.05874,6,3,3,463,0.00274285
1.05889,2,2,3,16115,0.00288571
1.05889,6,2,3,7005,0.00288571
1.05903,8,5,3,16115,0.00802856
1.05903,4,1,3,7005,0.00302856
1.05903,2,1,3,16115,0.00302856
1.05903,6,1,3,9634,0.00302856
1.05939,2,5,3,19709,0.00238571
1.05939,6,5,3,3851,0.00238571
1.05946,4,3,3,32234,0.00245714
1.05953,2,4,3,11387,0.00252857
1.0596,6,4,3,24176,0.0026
1.05967,2,3,3,14890,0.00267142
1.05974,4,2,3,15767,0.00274285
1.05974,6,3,3,463,0.00274285
1.05981,2,2,3,16115,0.00281428
1.05989,6,2,3,7005,0.00288571
1.05996,2,1,3,16115,0.00295714
1.06003,8,4,3,7005,0.00802856
1.06031,8,6,3,8057,0.00231428
1.06053,8,4,3,5604,0.00252857
1.0606,2,4,3,17080,0.0026
1.06067,8,3,3,16115,0.00267142
1.06074,2,3,3,14890,0.00274285
1.06081,8,2,3,16115,0.00281428
1.06089,2,2,3,16115,0.00288571
1.06096,8,1,3,16115,0.00295714
1.06103,4,1,3,15767,0.00802856
1.06103,6,2,3,9634,0.00802856
1.06103,2,1,3,16115,0.00302856
1.06139,6,5,3,3851,0.00238571
1.06146,4,3,3,32234,0.00245714
1.06153,6,4,3,16115,0.00252857
1.06167,6,3,3,463,0.00267142
1.06174,4,2,3,15767,0.00274285
1.06196,6,1,3,9634,0.00295714
1.06203,2,1,3,16115,0.00802856
1.06203,8,4,3,9634,0.00802856
1.06203,4,1,3,8641,0.00302856
1.0626,6,4,3,24176,0.0026
1.06274,6,3,3,463,0.00274285
1.06289,6,2,3,7005,0.00288571
1.06303,2,3,3,16115,0.00802856
1.06303,4,2,3,22775,0.00802856
1.06303,8,7,3,3939,0.00802856
1.06303,8,5,3,5604,0.00802856
1.06303,6,1,3,9634,0.00302856
1.06324,8,7,3,873,0.00224286
1.06331,8,6,3,8057,0.00231428
1.06339,2,5,3,19709,0.00238571
1.06346,4,3,3,32234,0.00245714
1.06346,8,5,3,4320,0.00245714
1.0636,2,4,3,14453,0.0026
1.0636,6,4,3,24176,0.0026
1.0636,8,4,3,5604,0.0026
1.06374,4,2,3,15767,0.00274285
1.06374,2,3,3,14890,0.00274285
1.06374,6,3,3,463,0.00274285
1.06374,8,3,3,16115,0.00274285
1.06389,2,2,3,16115,0.00288571
1.06389,8,2,3,16115,0.00288571
1.06403,6,1,3,9634,0.00302856
1.06403,8,1,3,16115,0.00302856
1.06424,8,7,3,873,0.00224286
1.06431,8,6,3,8057,0.00231428
1.06439,2,5,3,19709,0.00238571
1.0646,2,4,3,17080,0.0026
1.0646,8,4,3,5604,0.0026
1.06474,2,3,3,14890,0.00274285
1.06474,8,3,3,16115,0.00274285
1.06489,2,2,3,16115,0.00288571
1.06489,8,2,3,16115,0.00288571
1.06503,4,1,3,22775,0.00802856
1.06503,6,1,3,16115,0.00802856
1.06503,8,1,3,16115,0.00302856
1.06539,6,5,3,5255,0.00238571
1.06546,4,3,3,32234,0.00245714
1.06553,6,4,3,16115,0.00252857
1.06567,6,3,3,463,0.00267142
1.06574,4,2,3,15767,0.00274285
1.06596,6,1,3,11387,0.00295714
1.06603,2,5,3,24176,0.00802856
1.06603,8,7,3,2160,0.00802856
1.06603,8,5,3,3502,0.00802856
1.06603,4,1,3,7005,0.00302856
1.06624,8,7,3,1283,0.00224286
1.06631,8,6,3,8057,0.00231428
1.06639,2,5,3,19709,0.00238571
1.06646,4,3,3,32234,0.00245714
1.06646,8,5,3,4320,0.00245714
1.0666,2,4,3,17080,0.0026
1.0666,8,4,3,5604,0.0026
1.06674,4,2,3,15767,0.00274285
1.06674,2,3,3,14890,0.00274285
1.06674,8,3,3,16115,0.00274285
1.06689,2,2,3,16115,0.00288571
1.06689,8,2,3,16115,0.00288571
1.06703,6,2,3,7005,0.00802856
1.06703,4,1,3,8641,0.00302856
1.06703,2,1,3,14890,0.00302856
1.06703,8,1,3,16115,0.00302856
1.06724,8,7,3,1283,0.00224286
1.06731,8,6,3,8057,0.00231428
1.06739,2,5,3,19709,0.00238571
1.06746,4,3,3,32234,0.00245714
1.06746,8,5,3,4320,0.00245714
1.0676,2,4,3,17080,0.0026
1.0676,8,4,3,4320,0.0026
1.06774,2,3,3,14890,0.00274285
1.06774,8,3,3,16115,0.00274285
1.06789,2,2,3,16115,0.00288571
1.06789,8,2,3,16115,0.00288571
1.06803,6,5,3,10511,0.00802856
1.06803,4,1,3,19269,0.00302856
1.06803,8,1,3,16115,0.00302856
1.06831,8,6,3,8057,0.00231428
1.0686,8,4,3,4320,0.0026
1.06874,8,3,3,16115,0.00274285
1.06889,8,2,3,16115,0.00288571
1.06903,2,1,3,16115,0.00802856
1.06903,4,1,3,11211,0.00802856
1.06903,6,5,3,10511,0.00802856
1.06903,6,2,3,11387,0.00802856
1.06903,8,1,3,16115,0.00302856
1.06939,6,5,3,5255,0.00238571
1.06946,4,3,3,32234,0.00245714
1.0696,6,4,3,24176,0.0026
1.06974,4,2,3,15767,0.00274285
1.06974,6,3,3,463,0.00274285
1.07003,2,1,3,16115,0.00802856
1.07003,8,5,3,13137,0.00802856
1.07003,4,1,3,7005,0.00302856
1.07003,6,1,3,9634,0.00302856
1.07024,8,7,3,1283,0.00224286
1.07031,8,6,3,8057,0.00231428
1.07039,2,5,3,19709,0.00238571
1.07046,4,3,3,32234,0.00245714
1.07053,8,4,3,5604,0.00252857
1.0706,2,4,3,17080,0.0026
1.07067,8,3,3,16115,0.00267142
1.07074,4,2,3,15767,0.00274285
1.07074,2,3,3,14890,0.00274285
1.07081,8,2,3,16115,0.00281428
1.07089,2,2,3,16115,0.00288571
1.07096,8,1,3,16115,0.00295714
1.07103,6,2,3,7005,0.00802856
1.07103,4,1,3,11211,0.00302856
1.07103,2,1,3,14890,0.00302856
1.07124,8,7,3,1283,0.00224286
1.07131,8,6,3,8057,0.00231428
1.07146,4,3,3,32234,0.00245714
1.0716,2,4,3,17080,0.0026
1.0716,6,4,3,24176,0.0026
1.0716,8,4,3,5604,0.0026
1.07174,2,3,3,14890,0.00274285
1.07174,8,3,3,16115,0.00274285
1.07189,2,2,3,16115,0.00288571
1.07189,6,2,3,5604,0.00288571
1.07189,8,2,3,16115,0.00288571
1.07203,2,1,3,14890,0.00302856
1.07203,8,1,3,16115,0.00302856
1.07224,8,7,3,1283,0.00224286
1.07231,8,6,3,8057,0.00231428
1.07246,8,5,3,5604,0.00245714
1.0726,6,4,3,24176,0.0026
1.0726,8,4,3,5604,0.0026
1.07274,6,3,3,638,0.00274285
1.07274,8,3,3,16115,0.00274285
1.07289,8,2,3,16115,0.00288571
1.07303,2,1,3,16115,0.00802856
1.07303,4,2,3,22775,0.00802856
1.07303,6,1,3,11387,0.00302856
1.07303,8,1,3,16115,0.00302856
1.07339,2,5,3,19709,0.00238571
1.07346,4,3,3,32234,0.00245714
1.0736,2,4,3,17080,0.0026
1.0736,6,4,3,24176,0.0026
1.07374,4,2,3,15767,0.00274285
1.07374,6,3,3,638,0.00274285
1.07389,2,2,3,16115,0.00288571
1.07403,8,7,3,3502,0.00802856
1.07403,8,5,3,9634,0.00802856
1.07403,2,1,3,14890,0.00302856
1.07403,6,1,3,11387,0.00302856
1.07424,8,7,3,1283,0.00224286
1.07431,8,6,3,8057,0.00231428
1.07439,2,5,3,19709,0.00238571
1.07446,4,3,3,32234,0.00245714
1.0746,8,4,3,5604,0.0026
1.07467,2,3,3,14890,0.00267142
1.07474,4,2,3,15767,0.00274285
1.07474,8,3,3,16115,0.00274285
1.07481,2,2,3,16115,0.00281428
1.07489,8,2,3,16115,0.00288571
1.07503,6,2,3,7005,0.00802856
1.07503,4,1,3,3502,0.00302856
1.07503,8,1,3,16115,0.00302856
1.07539,2,5,3,19709,0.00238571
1.07539,6,5,3,5255,0.00238571
1.07546,4,3,3,32234,0.00245714
1.0756,2,4,3,17080,0.0026
1.0756,6,4,3,24176,0.0026
1.07574,2,3,3,14890,0.00274285
1.07574,6,3,3,638,0.00274285
1.07589,2,2,3,16115,0.00288571
1.07589,6,2,3,5604,0.00288571
1.07603,8,5,3,2802,0.00802856
1.07603,4,1,3,7005,0.00302856
1.07603,6,1,3,11387,0.00302856
1.07696,6,5,3,6480,0.00795714
1.07696,6,3,3,638,0.00795714
1.07696,6,1,3,11387,0.00795714
1.07703,2,5,3,24176,0.00802856
1.07703,4,1,3,19269,0.00802856
1.07703,4,2,3,19269,0.00802856
1.07703,8,5,3,7005,0.00802856
1.07731,8,6,3,8057,0.00231428
1.07739,2,5,3,19709,0.00238571
1.07746,4,3,3,32234,0.00245714
1.07746,8,5,3,5604,0.00245714
1.07774,4,2,3,15767,0.00274285
1.07774,2,3,3,14890,0.00274285
1.07774,8,3,3,16115,0.00274285
1.07789,2,2,3,16115,0.00288571
1.07789,8,2,3,16115,0.00288571
1.07803,6,5,3,6480,0.00802856
1.07803,6,2,3,16115,0.00802856
1.07803,4,1,3,7005,0.00302856
1.07803,2,1,3,14890,0.00302856
1.07803,8,1,3,16115,0.00302856
1.07824,8,7,3,1283,0.00224286
1.07831,8,6,3,8057,0.00231428
1.07846,8,5,3,7882,0.00245714
1.07874,8,3,3,16115,0.00274285
1.07889,8,2,3,16115,0.00288571
1.07903,2,3,3,14890,0.00802856
1.07903,6,5,3,11824,0.00802856
1.07903,6,2,3,16115,0.00802856
1.07903,8,1,3,16115,0.00302856
1.07939,6,5,3,5255,0.00238571
1.07946,4,3,3,32234,0.00245714
1.0796,6,4,3,24176,0.0026
1.07974,4,2,3,15767,0.00274285
1.07974,6,3,3,463,0.00274285
1.07989,6,2,3,7005,0.00288571
1.07996,8,5,3,7882,0.00795714
1.08003,2,4,3,11387,0.00802856
1.08003,2,1,3,16115,0.00802856
1.08003,4,1,3,7005,0.00302856
1.08003,6,1,3,9634,0.00302856
1.08024,8,7,3,1283,0.00224286
1.08031,8,6,3,8057,0.00231428
1.08046,8,5,3,5604,0.00245714
1.0806,6,4,3,24176,0.0026
1.0806,8,4,3,5604,0.0026
1.08074,6,3,3,463,0.00274285
1.08074,8,3,3,16115,0.00274285
1.08089,8,2,3,16115,0.00288571
1.08103,2,1,3,16115,0.00802856
1.08103,4,2,3,22775,0.00802856
1.08103,6,1,3,9634,0.00302856
1.08103,8,1,3,16115,0.00302856
1.08124,8,7,3,1283,0.00224286
1.08131,8,6,3,8057,0.00231428
1.08139,2,5,3,19709,0.00238571
1.08139,6,5,3,5255,0.00238571
1.08146,4,3,3,32234,0.00245714
1.0816,2,4,3,17080,0.0026
1.0816,6,4,3,24176,0.0026
1.0816,8,4,3,5604,0.0026
1.08174,4,2,3,15767,0.00274285
1.08174,2,3,3,14890,0.00274285
1.08174,6,3,3,638,0.00274285
1.08174,8,3,3,16115,0.00274285
1.08189,2,2,3,16115,0.00288571
1.08189,6,2,3,7005,0.00288571
1.08189,8,2,3,16115,0.00288571
1.08203,4,1,3,7005,0.00302856
1.08203,2,1,3,14890,0.00302856
1.08203,8,1,3,16115,0.00302856
1.08246,4,3,3,27391,0.00245714
1.0826,6,4,3,24176,0.0026
1.08274,4,2,3,15767,0.00274285
1.08274,6,3,3,463,0.00274285
1.08289,6,2,3,7005,0.00288571
1.08303,2,4,3,17080,0.00802856
1.08303,8,7,3,1283,0.00802856
1.08339,2,5,3,19709,0.00238571
1.0836,2,4,3,14453,0.0026
1.0836,6,4,3,24176,0.0026
1.08374,2,3,3,14890,0.00274285
1.08374,6,3,3,463,0.00274285
1.08389,2,2,3,16115,0.00288571
1.08403,4,1,3,19269,0.0130286
1.08403,8,4,3,7005,0.00902856
1.08403,2,1,3,14890,0.00302856
1.08439,2,5,3,19709,0.00238571
1.0846,4,2,3,23652,0.0026
1.0846,2,4,3,14453,0.0026
1.0846,6,4,3,24176,0.0026
1.08474,6,3,3,463,0.00274285
1.08489,2,2,3,16115,0.00288571
1.08503,8,4,3,7005,0.00902856
1.08503,4,1,3,7706,0.00302856
1.08503,2,1,3,14890,0.00302856
1.08531,8,6,3,8057,0.00231428
1.08539,2,5,3,19709,0.00238571
1.0856,2,4,3,8409,0.0026
1.0856,8,4,3,5604,0.0026
1.08574,8,3,3,16115,0.00274285
1.08589,2,2,3,16115,0.00288571
1.08589,8,2,3,16115,0.00288571
1.08603,6,5,3,5255,0.00802856
1.08603,6,2,3,16115,0.00802856
1.08603,4,1,3,10511,0.00302856
1.08603,8,1,3,16115,0.00302856
1.08639,2,5,3,19709,0.00238571
1.0866,2,4,3,8409,0.0026
1.08689,2,2,3,16115,0.00288571
1.08703,6,1,3,11387,0.00802856
1.08703,8,5,3,16115,0.00802856
1.08703,4,1,3,10511,0.00302856
1.08724,8,7,3,1283,0.00224286
1.08731,8,6,3,8057,0.00231428
1.08739,2,5,3,19709,0.00238571
1.08746,8,5,3,5604,0.00245714
1.0876,2,4,3,17080,0.0026
1.08774,2,3,3,14890,0.00274285
1.08774,8,3,3,16115,0.00274285
1.08789,2,2,3,16115,0.00288571
1.08789,8,2,3,16115,0.00288571
1.08803,4,1,3,11211,0.00802856
1.08803,6,5,3,10511,0.00802856
1.08803,6,1,3,14890,0.00802856
1.08803,2,1,3,14890,0.00302856
1.08803,8,1,3,16115,0.00302856
1.08831,8,6,3,8057,0.00231428
1.08839,2,5,3,19709,0.00238571
1.08846,8,5,3,5604,0.00245714
1.08874,2,3,3,14890,0.00274285
1.08874,8,3,3,16115,0.00274285
1.08889,2,2,3,16115,0.00288571
1.08889,8,2,3,16115,0.00288571
1.08903,6,5,3,10511,0.00802856
1.08903,6,1,3,14890,0.00802856
1.08903,6,2,3,11387,0.00802856
1.08903,4,1,3,12964,0.00302856
1.08903,2,1,3,14890,0.00302856
1.08903,8,1,3,16115,0.00302856
1.08931,8,6,3,8057,0.00231428
1.08946,8,5,3,5604,0.00245714
1.0896,4,2,3,28907,0.0026
1.08974,8,3,3,16115,0.00274285
1.08989,8,2,3,16115,0.00288571
1.09003,2,3,3,16115,0.00802856
1.09003,6,5,3,10511,0.00802856
1.09003,6,1,3,14890,0.00802856
1.09003,6,2,3,7882,0.00802856
1.09003,8,1,3,16115,0.00302856
1.09039,6,5,3,3851,0.00238571
1.0906,6,4,3,24176,0.0026
1.09074,6,3,3,638,0.00274285
1.09089,6,2,3,7005,0.00288571
1.09103,2,3,3,16115,0.00802856
1.09103,2,1,3,16115,0.00802856
1.09103,4,2,3,28907,0.00802856
1.09103,8,7,3,1283,0.00802856
1.09103,8,5,3,11387,0.00802856
1.09103,6,1,3,11387,0.00302856
1.09124,8,7,3,873,0.00224286
1.09131,8,6,3,8057,0.00231428
1.09146,8,5,3,5604,0.00245714
1.0916,6,4,3,24176,0.0026
1.0916,8,4,3,5604,0.0026
1.09174,6,3,3,638,0.00274285
1.09174,8,3,3,16115,0.00274285
1.09189,8,2,3,16115,0.00288571
1.09203,2,3,3,16115,0.00802856
1.09203,2,1,3,16115,0.00802856
1.09203,4,2,3,28907,0.00802856
1.09203,6,1,3,11387,0.00302856
1.09203,8,1,3,16115,0.00302856
1.09239,2,5,3,22335,0.00238571
1.0926,4,2,3,21022,0.0026
1.0926,2,4,3,17080,0.0026
1.0926,6,4,3,24176,0.0026
1.09274,2,3,3,14890,0.00274285
1.09274,6,3,3,638,0.00274285
1.09289,2,2,3,16115,0.00288571
1.09296,8,4,3,7005,0.00795714
1.09303,2,1,3,14890,0.00302856
1.0936,6,4,3,24176,0.0026
1.09374,6,3,3,638,0.00274285
1.09396,2,4,3,19709,0.00795714
1.09396,4,2,3,28907,0.00795714
1.09403,8,7,3,5692,0.00802856
1.09403,8,4,3,7005,0.00802856
1.0946,2,4,3,17080,0.0026
1.0946,6,4,3,24176,0.0026
1.09474,2,3,3,14890,0.00274285
1.09474,6,3,3,638,0.00274285
1.09489,2,2,3,16115,0.00288571
1.09489,6,2,3,7005,0.00288571
1.09503,4,1,3,28907,0.00802856
1.09503,8,7,3,5692,0.00802856
1.09503,8,4,3,9634,0.00802856
1.09503,2,1,3,14890,0.00302856
1.09524,8,7,3,1283,0.00224286
1.09531,8,6,3,8057,0.00231428
1.09539,2,5,3,22335,0.00238571
1.0956,2,4,3,17080,0.0026
1.0956,6,4,3,24176,0.0026
1.0956,8,4,3,5604,0.0026
1.09574,6,3,3,638,0.00274285
1.09574,8,3,3,16115,0.00274285
1.09589,2,2,3,16115,0.00288571
1.09589,6,2,3,5604,0.00288571
1.09589,8,2,3,16115,0.00288571
1.09603,4,1,3,16819,0.00302856
1.09603,2,1,3,14890,0.00302856
1.09603,8,1,3,16115,0.00302856
1.09631,8,6,3,8057,0.00231428
1.09639,2,5,3,22335,0.00238571
1.0966,2,4,3,17080,0.0026
1.0966,8,4,3,5604,0.0026
1.09674,2,3,3,4320,0.00274285
1.09674,8,3,3,16115,0.00274285
1.09689,2,2,3,16115,0.00288571
1.09689,8,2,3,16115,0.00288571
1.09703,6,5,3,10511,0.00802856
1.09703,6,2,3,9634,0.00802856
1.09703,4,1,3,16819,0.00302856
1.09703,8,1,3,16115,0.00302856
1.09724,8,7,3,1283,0.00224286
1.09731,8,6,3,8057,0.00231428
1.0976,2,4,3,17080,0.0026
1.0976,8,4,3,5604,0.0026
1.09774,2,3,3,7005,0.00274285
1.09774,8,3,3,16115,0.00274285
1.09789,2,2,3,16115,0.00288571
1.09789,8,2,3,16115,0.00288571
1.09803,4,1,3,34163,0.00802856
1.09803,6,5,3,10511,0.00802856
1.09803,6,1,3,16115,0.00802856
1.09803,6,2,3,9634,0.00802856
1.09803,8,1,3,16115,0.00302856
1.09824,8,7,3,1283,0.00224286
1.09831,8,6,3,8057,0.00231428
1.09839,2,5,3,22335,0.00238571
1.0986,4,2,3,21022,0.0026
1.0986,2,4,3,17080,0.0026
1.09874,2,3,3,14890,0.00274285
1.09874,8,3,3,16115,0.00274285
1.09889,2,2,3,16115,0.00288571
1.09889,8,2,3,16115,0.00288571
1.09903,6,5,3,11824,0.00802856
1.09903,6,1,3,16115,0.00802856
1.09903,6,2,3,9634,0.00802856
1.09903,4,1,3,16819,0.00302856
1.09903,2,1,3,14890,0.00302856
1.09903,8,1,3,16115,0.00302856
1.09931,8,6,3,8057,0.00231428
1.0996,4,2,3,28907,0.0026
1.0996,8,4,3,5604,0.0026
1.09974,8,3,3,16115,0.00274285
1.09989,8,2,3,16115,0.00288571
1.10003,2,5,3,22335,0.00802856
1.10003,6,5,3,8409,0.00802856
1.10003,6,1,3,14890,0.00802856
1.10003,4,1,3,16819,0.00302856
1.10003,8,1,3,16115,0.00302856
1.10103,2,3,3,16115,0.00802856
1.10103,4,2,3,28907,0.00802856
1.10103,6,5,3,10511,0.00802856
1.10103,6,1,3,14890,0.00802856
1.10103,8,5,3,7882,0.00802856
1.10139,6,5,3,3851,0.00238571
1.1016,6,4,3,24176,0.0026
1.10174,6,3,3,638,0.00274285
1.10189,6,2,3,7005,0.00288571
1.10196,2,1,3,16115,0.00795714
1.10196,8,7,3,4815,0.00795714
1.10196,8,5,3,9634,0.00795714
1.10203,4,2,3,28907,0.00802856
1.10203,6,1,3,9634,0.00302856
1.1026,4,2,3,21022,0.0026
1.1026,6,4,3,24176,0.0026
1.10274,6,3,3,638,0.00274285
1.10303,2,1,3,16115,0.00802856
1.10303,2,5,3,22335,0.00802856
1.10303,8,5,3,7882,0.00802856
1.10303,4,1,3,16819,0.00302856
1.10303,6,1,3,9634,0.00302856
1.10339,2,5,3,19709,0.00238571
1.10353,4,2,3,17520,0.00252857
1.10353,6,4,3,16115,0.00252857
1.1036,2,4,3,17080,0.0026
1.10367,6,3,3,638,0.00267142
1.10374,2,3,3,14890,0.00274285
1.10381,6,2,3,5604,0.00281428
1.10389,2,2,3,16115,0.00288571
1.10396,4,1,3,7706,0.00295714
1.10403,8,5,3,7882,0.00802856
1.10403,8,4,3,9634,0.00802856
1.10403,2,1,3,14890,0.00302856
1.10439,2,5,3,22335,0.00238571
1.1046,4,2,3,21022,0.0026
1.1046,2,4,3,17080,0.0026
1.1046,6,4,3,24176,0.0026
1.10474,2,3,3,14890,0.00274285
1.10474,6,3,3,638,0.00274285
1.10489,2,2,3,16115,0.00288571
1.10489,6,2,3,5604,0.00288571
1.10503,8,7,3,3939,0.00802856
1.10503,8,5,3,7882,0.00802856
1.10503,4,1,3,16819,0.00302856
1.10503,2,1,3,14890,0.00302856
1.10524,8,7,3,1283,0.00224286
1.10531,8,6,3,8057,0.00231428
1.1056,2,4,3,17080,0.0026
1.1056,6,4,3,24176,0.0026
1.1056,8,4,3,5604,0.0026
1.10574,2,3,3,14890,0.00274285
1.10574,6,3,3,638,0.00274285
1.10574,8,3,3,16115,0.00274285
1.10589,2,2,3,16115,0.00288571
1.10589,6,2,3,5604,0.00288571
1.10589,8,2,3,16115,0.00288571
1.10603,4,1,3,16819,0.00302856
1.10603,2,1,3,14890,0.00302856
1.10603,8,1,3,16115,0.00302856
1.10624,8,7,3,1283,0.00224286
1.10631,8,6,3,8057,0.00231428
1.1066,2,4,3,17080,0.0026
1.1066,6,4,3,24176,0.0026
1.1066,8,4,3,5604,0.0026
1.10674,6,3,3,638,0.00274285
1.10674,8,3,3,16115,0.00274285
1.10689,2,2,3,16115,0.00288571
1.10689,6,2,3,5604,0.00288571
1.10689,8,2,3,16115,0.00288571
1.10703,4,1,3,16819,0.00302856
1.10703,2,1,3,14890,0.00302856
1.10703,8,1,3,16115,0.00302856
1.10731,8,6,3,8057,0.00231428
1.1076,2,4,3,17080,0.0026
1.1076,8,4,3,5604,0.0026
1.10774,8,3,3,16115,0.00274285
1.10789,2,2,3,16115,0.00288571
1.10789,8,2,3,16115,0.00288571
1.10803,6,5,3,10511,0.00802856
1.10803,6,2,3,9634,0.00802856
1.10803,4,1,3,16819,0.00302856
1.10803,8,1,3,16115,0.00302856
1.10831,8,6,3,8057,0.00231428
1.10839,2,5,3,10114,0.00238571
1.1086,2,4,3,17080,0.0026
1.1086,8,4,3,5604,0.0026
1.10874,8,3,3,16115,0.00274285
1.10889,2,2,3,16115,0.00288571
1.10889,8,2,3,16115,0.00288571
1.10903,6,5,3,11824,0.00802856
1.10903,6,1,3,14890,0.00802856
1.10903,4,1,3,16819,0.00302856
1.10903,8,1,3,16115,0.00302856
1.10931,8,6,3,8057,0.00231428
1.10939,2,4,3,17080,0.00238571
1.1096,4,2,3,21022,0.0026
1.1096,2,3,3,22335,0.0026
1.10974,8,3,3,16115,0.00274285
1.10981,2,2,3,24176,0.00281428
1.10989,8,2,3,16115,0.00288571
1.11003,6,5,3,10511,0.00802856
1.11003,6,1,3,16115,0.00802856
1.11003,4,1,3,16819,0.00302856
1.11003,2,1,3,22335,0.00302856
1.11003,8,1,3,16115,0.00302856
1.11096,4,2,3,28907,0.00795714
1.11103,2,5,3,24176,0.00802856
1.11103,6,5,3,11824,0.00802856
1.11103,6,1,3,16115,0.00802856
1.11103,8,5,3,7005,0.00802856
1.11203,2,3,3,16115,0.00802856
1.11203,2,5,3,24176,0.00802856
1.11203,4,2,3,28907,0.00802856
1.11203,6,5,3,10511,0.00802856
1.11203,6,1,3,16115,0.00802856
1.11203,8,5,3,7882,0.00802856
1.11239,6,5,3,3851,0.00238571
1.1126,6,4,3,24176,0.0026
1.11274,6,3,3,638,0.00274285
1.11289,6,2,3,7005,0.00288571
1.11303,2,3,3,16115,0.00802856
1.11303,2,1,3,16115,0.00802856
1.11303,2,5,3,24176,0.00802856
1.11303,4,2,3,34163,0.00802856
1.11303,8,7,3,4815,0.00802856
1.11303,8,5,3,7882,0.00802856
1.11303,6,1,3,9634,0.00302856
1.1136,6,4,3,24176,0.0026
1.11374,6,3,3,638,0.00274285
1.11403,2,3,3,16115,0.00802856
1.11403,2,1,3,16115,0.00802856
1.11403,4,2,3,28907,0.00802856
1.11403,8,7,3,4815,0.00802856
1.11403,8,5,3,11387,0.00802856
1.11403,6,1,3,9634,0.00302856
1.11439,2,4,3,17080,0.00238571
1.1146,4,2,3,21022,0.0026
1.1146,2,3,3,22335,0.0026
1.1146,6,4,3,24176,0.0026
1.11474,6,3,3,638,0.00274285
1.11481,2,2,3,24176,0.00281428
1.11503,8,7,3,4815,0.00802856
1.11503,8,5,3,9634,0.00802856
1.11503,8,4,3,7882,0.00802856
1.11503,4,1,3,16819,0.00302856
1.11503,2,1,3,22335,0.00302856
1.11524,8,7,3,1283,0.00224286
1.11531,8,6,3,8057,0.00231428
1.11539,2,4,3,17080,0.00238571
1.11546,8,5,3,5604,0.00245714
1.1156,4,2,3,23652,0.0026
1.1156,2,3,3,22335,0.0026
1.1156,6,4,3,24176,0.0026
1.1156,8,4,3,5604,0.0026
1.11574,6,3,3,638,0.00274285
1.11574,8,3,3,16115,0.00274285
1.11581,2,2,3,24176,0.00281428
1.11589,8,2,3,16115,0.00288571
1.11603,4,1,3,16819,0.00302856
1.11603,2,1,3,22335,0.00302856
1.11603,8,1,3,16115,0.00302856
1.11624,8,7,3,1283,0.00224286
1.11631,8,6,3,8057,0.00231428
1.11639,2,4,3,17080,0.00238571
1.1166,2,3,3,22335,0.0026
1.1166,6,4,3,24176,0.0026
1.1166,8,4,3,5604,0.0026
1.11674,6,3,3,638,0.00274285
1.11674,8,3,3,16115,0.00274285
1.11681,2,2,3,24176,0.00281428
1.11689,8,2,3,16115,0.00288571
1.11703,4,1,3,16819,0.00302856
1.11703,2,1,3,22335,0.00302856
1.11703,8,1,3,16115,0.00302856
1.11724,8,7,3,1283,0.00224286
1.11731,8,6,3,8057,0.00231428
1.11739,2,4,3,17080,0.00238571
1.1176,4,2,3,23652,0.0026
1.1176,6,4,3,24176,0.0026
1.1176,8,4,3,5604,0.0026
1.11774,6,3,3,638,0.00274285
1.11774,8,3,3,16115,0.00274285
1.11781,2,2,3,24176,0.00281428
1.11789,8,2,3,16115,0.00288571
1.11803,4,1,3,16819,0.00302856
1.11803,2,1,3,22335,0.00302856
1.11803,8,1,3,16115,0.00302856
1.11831,8,6,3,8057,0.00231428
1.11839,2,4,3,17080,0.00238571
1.1186,2,3,3,5255,0.0026
1.1186,8,4,3,5604,0.0026
1.11874,8,3,3,16115,0.00274285
1.11881,2,2,3,24176,0.00281428
1.11889,8,2,3,16115,0.00288571
1.11896,6,5,3,10511,0.00795714
1.11896,6,2,3,9634,0.00795714
1.11903,4,1,3,16819,0.00302856
1.11903,8,1,3,16115,0.00302856
1.11931,8,6,3,8057,0.00231428
1.11939,2,4,3,17080,0.00238571
1.1196,2,3,3,6480,0.0026
1.1196,8,4,3,5604,0.0026
1.11974,8,3,3,16115,0.00274285
1.11981,2,2,3,24176,0.00281428
1.11989,8,2,3,16115,0.00288571
1.12003,6,5,3,11824,0.00802856
1.12003,6,1,3,16115,0.00802856
1.12003,6,2,3,9634,0.00802856
1.12003,4,1,3,16819,0.00302856
1.12003,8,1,3,16115,0.00302856
1.12031,8,6,3,8056,0.00231428
1.12039,2,4,3,17080,0.00238571
1.1206,4,2,3,23652,0.0026
1.1206,2,3,3,19709,0.0026
1.1206,8,4,3,4320,0.0026
1.12074,8,3,3,16115,0.00274285
1.12081,2,2,3,24176,0.00281428
1.12089,8,2,3,16115,0.00288571
1.12103,6,5,3,11824,0.00802856
1.12103,6,1,3,16115,0.00802856
1.12103,6,2,3,9634,0.00802856
1.12103,4,1,3,16819,0.00302856
1.12103,2,1,3,22335,0.00302856
1.12103,8,1,3,16115,0.00302856
1.12139,2,4,3,17080,0.00238571
1.1216,2,3,3,22335,0.0026
1.12181,2,2,3,24176,0.00281428
1.12203,4,2,3,28907,0.00802856
1.12203,6,5,3,10511,0.00802856
1.12203,6,1,3,14890,0.00802856
1.12203,6,2,3,9634,0.00802856
1.12203,8,5,3,7882,0.00802856
1.12203,2,1,3,22335,0.00302856
1.1226,4,2,3,23652,0.0026
1.12296,8,5,3,9634,0.00795714
1.12303,2,3,3,24176,0.00802856
1.12303,6,5,3,10511,0.00802856
1.12303,6,1,3,16115,0.00802856
1.12303,6,2,3,9634,0.00802856
1.12303,4,1,3,16819,0.00302856
1.12339,6,5,3,3851,0.00238571
1.1236,6,4,3,24176,0.0026
1.12374,6,3,3,638,0.00274285
1.12389,6,2,3,7005,0.00288571
1.12403,2,1,3,24176,0.00802856
1.12403,4,2,3,28907,0.00802856
1.12403,8,7,3,4815,0.00802856
1.12403,8,5,3,9634,0.00802856
1.12403,6,1,3,9634,0.00302856
1.1246,6,4,3,20509,0.0026
1.12474,6,3,3,638,0.00274285
1.12503,2,1,3,24176,0.00802856
1.12503,4,2,3,28907,0.00802856
1.12503,8,7,3,4815,0.00802856
1.12503,8,5,3,7882,0.00802856
1.12503,6,1,3,9634,0.00302856
1.12524,4,2,3,3084,0.00224286
1.12539,2,4,3,17080,0.00238571
1.1256,2,3,3,22335,0.0026
1.1256,6,3,3,961,0.0026
1.12581,2,2,3,17941,0.00281428
1.12581,6,2,3,8409,0.00281428
1.12603,8,7,3,3502,0.00802856
1.12603,8,5,3,7882,0.00802856
1.12603,4,1,3,30833,0.00302856
1.12603,2,1,3,22335,0.00302856
1.12624,8,7,3,1283,0.00224286
1.12631,8,6,3,8057,0.00231428
1.12646,2,4,3,22775,0.00245714
1.12646,8,5,3,5604,0.00245714
1.1266,6,3,3,961,0.0026
1.1266,8,4,3,5604,0.0026
1.12674,2,3,3,29784,0.00274285
1.12674,8,3,3,16115,0.00274285
1.12681,6,2,3,8409,0.00281428
1.12689,8,2,3,16115,0.00288571
1.12703,4,1,3,33638,0.00302856
1.12703,2,1,3,29784,0.00302856
1.12703,8,1,3,16115,0.00302856
1.12724,8,7,3,1283,0.00224286
1.12731,8,6,3,8057,0.00231428
1.12746,2,4,3,19012,0.00245714
1.1276,6,3,3,961,0.0026
1.1276,8,4,3,5604,0.0026
1.12774,2,3,3,29784,0.00274285
1.12774,8,3,3,16115,0.00274285
1.12781,6,2,3,8409,0.00281428
1.12789,8,2,3,16115,0.00288571
1.12803,4,1,3,33638,0.00302856
1.12803,2,1,3,29784,0.00302856
1.12803,8,1,3,16115,0.00302856
1.12824,8,7,3,1283,0.00224286
1.12831,8,6,3,8057,0.00231428
1.1286,6,3,3,961,0.0026
1.1286,8,4,3,5604,0.0026
1.12874,8,3,3,16115,0.00274285
1.12881,6,2,3,10511,0.00281428
1.12889,8,2,3,16115,0.00288571
1.12903,4,1,3,33638,0.00302856
1.12903,2,1,3,12933,0.00302856
1.12903,8,1,3,16115,0.00302856
1.12931,8,6,3,8057,0.00231428
1.12946,8,5,3,7005,0.00245714
1.1296,8,4,3,5604,0.0026
1.12974,8,3,3,16115,0.00274285
1.12989,8,2,3,16115,0.00288571
1.13003,4,1,3,33638,0.00302856
1.13003,6,5,3,10511,0.00802856
1.13003,6,2,3,9634,0.00802856
1.13003,8,1,3,16115,0.00302856
1.13031,8,6,3,8057,0.00231428
1.13039,8,5,3,3502,0.00238571
1.13053,8,4,3,5604,0.00252857
1.13067,8,3,3,16115,0.00267142
1.13081,8,2,3,16115,0.00281428
1.13096,8,1,3,16115,0.00295714
1.13103,4,1,3,33638,0.00302856
1.13103,6,5,3,10511,0.00802856
1.13103,6,1,3,24176,0.00802856
1.13131,8,6,3,8057,0.00231428
1.13146,8,5,3,9634,0.00245714
1.1316,8,4,3,5604,0.0026
1.13174,8,3,3,16115,0.00274285
1.13189,8,2,3,16115,0.00288571
1.13203,4,1,3,33638,0.00302856
1.13203,6,5,3,10511,0.00802856
1.13203,6,1,3,24176,0.00802856
1.13203,8,1,3,16115,0.00302856
1.13303,4,1,3,33638,0.00302856
1.13303,6,5,3,6480,0.00802856
1.13303,6,1,3,22335,0.00802856
1.13303,8,5,3,13137,0.00802856
1.13403,2,3,3,78282,0.00802856
1.13403,4,1,3,33638,0.00302856
1.13403,6,5,3,8409,0.00802856
1.13403,6,1,3,22335,0.00802856
1.13403,8,5,3,7882,0.00802856
1.13439,6,5,3,5255,0.00238571
1.1346,6,3,3,961,0.0026
1.13481,6,2,3,10511,0.00281428
1.13503,4,1,3,33638,0.00302856
1.13503,8,7,3,4815,0.00802856
1.13503,6,1,3,14453,0.00302856
1.1356,6,3,3,961,0.0026
1.13603,4,1,3,33638,0.00302856
1.13603,8,7,3,4815,0.00802856
1.13603,6,1,3,14453,0.00302856
1.1366,6,3,3,961,0.0026
1.13703,4,1,3,33638,0.00302856
1.13703,8,7,3,4815,0.00802856
1.13724,8,7,3,1749,0.00224286
1.13731,8,6,3,8057,0.00231428
1.13746,8,5,3,9634,0.00245714
1.1376,4,1,3,14152,0.0026
1.1376,6,3,3,961,0.0026
1.1376,8,4,3,7005,0.0026
1.13774,8,3,3,16115,0.00274285
1.13781,6,2,3,14453,0.00281428
1.13789,8,2,3,16115,0.00288571
1.13803,8,1,3,16115,0.00302856
1.13824,8,7,3,1749,0.00224286
1.13831,8,6,3,8057,0.00231428
1.1386,6,3,3,961,0.0026
1.1386,8,4,3,7005,0.0026
1.13874,8,3,3,16115,0.00274285
1.13881,6,2,3,14453,0.00281428
1.13889,8,2,3,16115,0.00288571
1.13903,6,1,3,8409,0.00302856
1.13903,8,1,3,16115,0.00302856
1.13924,8,7,3,1749,0.00224286
1.13931,8,6,3,8057,0.00231428
1.1396,6,3,3,961,0.0026
1.1396,8,4,3,7005,0.0026
1.13974,8,3,3,16115,0.00274285
1.13981,6,2,3,14453,0.00281428
1.13989,8,2,3,16115,0.00288571
1.14003,6,1,3,8409,0.00302856
1.14003,8,1,3,16115,0.00302856
1.14031,8,6,3,8057,0.00231428
1.14053,8,4,3,7005,0.00252857
1.14067,8,3,3,16115,0.00267142
1.14081,8,2,3,16115,0.00281428
1.14096,8,1,3,16115,0.00295714
1.14103,6,5,3,10511,0.00802856
1.14103,6,2,3,14453,0.00802856
1.14131,8,6,3,8057,0.00231428
1.1416,8,4,3,7005,0.0026
1.14174,8,3,3,16115,0.00274285
1.14189,8,2,3,16115,0.00288571
1.14196,6,5,3,11824,0.00795714
1.14196,6,1,3,24176,0.00795714
1.14196,6,2,3,14453,0.00795714
1.14203,8,1,3,16115,0.00302856
1.14231,8,6,3,8057,0.00231428
1.1426,8,4,3,7005,0.0026
1.14274,8,3,3,16115,0.00274285
1.14289,8,2,3,16115,0.00288571
1.14303,6,5,3,11824,0.00802856
1.14303,6,1,3,24176,0.00802856
1.14303,8,1,3,16115,0.00302856
1.14403,6,5,3,8409,0.00802856
1.14403,8,5,3,16115,0.00802856
1.14503,6,5,3,8409,0.00802856
1.14503,8,5,3,13137,0.00802856
1.14539,6,5,3,6480,0.00238571
1.1456,6,3,3,961,0.0026
1.14581,6,2,3,17080,0.00281428
1.14596,6,1,3,11387,0.00295714
1.14603,8,7,3,6568,0.00802856
1.14603,8,5,3,6568,0.00802856
1.1466,6,3,3,961,0.0026
1.14703,8,7,3,6568,0.00802856
1.14703,8,5,3,13137,0.00802856
1.1476,6,3,3,961,0.0026
1.14781,6,2,3,14453,0.00281428
1.14803,8,7,3,6568,0.00802856
1.14803,8,5,3,13137,0.00802856
1.14824,8,7,3,1749,0.00224286
1.14831,8,6,3,8057,0.00231428
1.14846,8,5,3,9634,0.00245714
1.1486,6,3,3,961,0.0026
1.14874,8,3,3,16115,0.00274285
1.14881,6,2,3,14453,0.00281428
1.14889,8,2,3,16115,0.00288571
1.14903,8,1,3,16115,0.00302856
1.14924,8,7,3,1749,0.00224286
1.14931,8,6,3,8057,0.00231428
1.1496,6,3,3,961,0.0026
1.1496,8,4,3,7005,0.0026
1.14974,8,3,3,16115,0.00274285
1.14981,6,2,3,14453,0.00281428
1.14989,8,2,3,16115,0.00288571
1.15003,8,1,3,16115,0.00302856
1.15024,8,7,3,1749,0.00224286
1.15031,8,6,3,8057,0.00231428
1.1506,6,3,3,961,0.0026
1.15067,8,3,3,16115,0.00267142
1.15081,6,2,3,14453,0.00281428
1.15081,8,2,3,16115,0.00281428
1.15096,8,1,3,16115,0.00295714
1.15131,8,6,3,8057,0.00231428
1.1516,8,4,3,7005,0.0026
1.15174,8,3,3,16115,0.00274285
1.15189,8,2,3,16115,0.00288571
1.15203,6,5,3,10511,0.00802856
1.15203,6,1,3,17080,0.00802856
1.15203,6,2,3,19709,0.00802856
1.15203,8,1,3,16115,0.00302856
1.15231,8,6,3,8057,0.00231428
1.1526,8,4,3,7005,0.0026
1.15274,8,3,3,14522,0.00274285
1.15289,8,2,3,11459,0.00288571
1.15303,6,5,3,10511,0.00802856
1.15303,6,1,3,19709,0.00802856
1.15303,8,1,3,9927,0.00302856
1.15403,6,5,3,11824,0.00802856
1.15403,6,1,3,24176,0.00802856
1.15403,8,4,3,7005,0.00802856
1.15503,6,5,3,10511,0.00802856
1.15503,6,1,3,24176,0.00802856
1.15503,8,5,3,16115,0.00802856
1.15603,6,5,3,10511,0.00802856
1.15603,6,1,3,24176,0.00802856
1.15603,8,5,3,8057,0.00802856
1.15603,8,4,3,7005,0.00802856
1.15639,6,5,3,6480,0.00238571
1.1566,6,3,3,961,0.0026
1.15681,6,2,3,17080,0.00281428
1.15703,8,7,3,2802,0.00802856
1.15703,8,5,3,16115,0.00802856
1.1576,6,3,3,961,0.0026
1.15781,6,2,3,14453,0.00281428
1.15803,8,7,3,4815,0.00802856
1.15803,8,5,3,14890,0.00802856
1.15839,8,7,3,6480,0.00238571
1.1586,6,3,3,961,0.0026
1.1586,8,6,3,24176,0.0026
1.15881,6,2,3,14453,0.00281428
1.15903,8,4,3,10511,0.00302856
1.15939,8,7,3,6480,0.00238571
1.1596,6,3,3,961,0.0026
1.1596,8,6,3,24176,0.0026
1.15981,6,2,3,14453,0.00281428
1.1606,8,6,3,24176,0.0026
1.16081,6,2,3,14453,0.00281428
1.16139,8,7,3,6480,0.00238571
1.1616,8,6,3,24176,0.0026
1.16203,6,1,3,11387,0.00802856
1.1626,8,6,3,24176,0.0026
1.16303,6,5,3,11824,0.00802856
1.16303,6,1,3,22335,0.00802856
1.16403,6,5,3,14453,0.00802856
1.16403,6,1,3,24176,0.00802856
1.16403,8,5,3,14453,0.00802856
1.16503,6,5,3,14453,0.00802856
1.16503,6,1,3,24176,0.00802856
1.16503,8,5,3,14453,0.00802856
1.16503,8,4,3,11387,0.00802856
1.16603,6,5,3,14453,0.00802856
1.16603,6,3,3,961,0.00802856
1.16603,6,1,3,24176,0.00802856
1.16603,8,5,3,24176,0.00802856
1.16603,8,4,3,17080,0.00802856
1.16639,6,5,3,5255,0.00238571
1.1666,6,3,3,697,0.0026
1.16681,6,2,3,14453,0.00281428
1.16703,8,5,3,24176,0.00802856
1.16703,8,4,3,17080,0.00802856
1.16703,6,1,3,17080,0.00302856
1.16739,6,5,3,5255,0.00238571
1.1676,6,3,3,697,0.0026
1.16781,6,2,3,14453,0.00281428
1.16803,8,5,3,22335,0.00802856
1.16803,8,4,3,17080,0.00802856
1.1686,6,3,3,697,0.0026
1.1686,8,6,3,24176,0.0026
1.16881,6,2,3,14453,0.00281428
1.16903,8,4,3,10511,0.00302856
1.1696,6,3,3,697,0.0026
1.1696,8,6,3,24176,0.0026
1.16981,6,2,3,14453,0.00281428
1.17003,8,4,3,10511,0.00302856
1.1706,6,3,3,697,0.0026
1.17081,6,2,3,14453,0.00281428
1.17103,8,7,3,6480,0.0130286
1.17139,8,7,3,697,0.00238571
1.1716,6,3,3,697,0.0026
1.1716,8,6,3,24176,0.0026
1.17181,6,2,3,14453,0.00281428
1.17203,8,4,3,10511,0.00302856
1.17296,8,7,3,17080,0.0129571
1.17303,6,1,3,24176,0.00802856
1.17403,6,5,3,14453,0.00802856
1.17403,6,1,3,24176,0.00802856
1.17403,8,7,3,6480,0.00802856
1.17403,8,5,3,14453,0.00802856
1.17503,6,5,3,11824,0.00802856
1.17503,6,1,3,24176,0.00802856
1.17503,8,7,3,6480,0.00802856
1.17503,8,5,3,24176,0.00802856
1.17539,8,7,3,5255,0.00238571
1.1756,8,6,3,24176,0.0026
1.17581,8,5,3,11824,0.00281428
1.17603,6,5,3,14453,0.00802856
1.17603,6,1,3,24176,0.00802856
1.17603,8,4,3,10511,0.00302856
1.17703,6,5,3,11824,0.00802856
1.17703,6,1,3,22335,0.00802856
1.17703,8,5,3,19709,0.00802856
1.17739,6,5,3,5255,0.00238571
1.1776,6,3,3,697,0.0026
1.1776,8,6,3,24176,0.0026
1.17781,6,2,3,14453,0.00281428
1.17781,8,5,3,11824,0.00281428
1.17803,6,1,3,17080,0.00302856
1.17803,8,4,3,10511,0.00302856
1.17839,6,5,3,5255,0.00238571
1.1786,6,3,3,697,0.0026
1.1786,8,6,3,24176,0.0026
1.17881,8,5,3,11824,0.00281428
1.17889,6,2,3,19269,0.00288571
1.17903,8,4,3,10511,0.00302856
1.1796,8,6,3,24176,0.0026
1.17974,6,3,3,932,0.00274285
1.18003,6,2,3,19269,0.00302856
1.18003,8,4,3,10511,0.00302856
1.18039,8,7,3,2626,0.00238571
1.1806,8,6,3,24176,0.0026
1.18074,6,3,3,932,0.00274285
1.18103,6,2,3,19269,0.00302856
1.18103,8,4,3,10511,0.00302856
1.1816,8,6,3,24176,0.0026
1.18174,6,3,3,932,0.00274285
1.18181,8,5,3,14453,0.00281428
1.18196,8,4,3,7005,0.00295714
1.18203,6,2,3,19269,0.00302856
1.18274,6,3,3,932,0.00274285
1.18303,8,7,3,5255,0.00802856
1.18303,6,2,3,19269,0.00302856
1.18396,6,1,3,8796,0.00795714
1.18403,8,7,3,10511,0.00802856
1.18503,6,5,3,14014,0.00802856
1.18503,8,7,3,8409,0.00802856
1.18503,8,5,3,19709,0.00802856
1.18603,6,5,3,15767,0.00802856
1.18603,8,5,3,17080,0.00802856
1.18703,6,5,3,19269,0.00802856
1.18703,8,7,3,6480,0.00802856
1.18739,8,7,3,3851,0.00238571
1.1876,8,6,3,24176,0.0026
1.18781,8,5,3,14453,0.00281428
1.18803,6,5,3,15767,0.00802856
1.18803,8,4,3,10511,0.00302856
1.18846,6,5,3,8641,0.00245714
1.1886,8,6,3,24176,0.0026
1.18874,6,3,3,1283,0.00274285
1.18881,8,5,3,14453,0.00281428
1.18903,8,4,3,10511,0.00302856
1.18946,6,5,3,8641,0.00245714
1.1896,8,6,3,24176,0.0026
1.18974,6,3,3,1283,0.00274285
1.18981,8,5,3,14453,0.00281428
1.19003,8,4,3,10511,0.00302856
1.19039,8,7,3,3851,0.00238571
1.1906,8,6,3,24176,0.0026
1.19074,6,3,3,1283,0.00274285
1.19103,8,4,3,10511,0.00302856
1.19139,8,7,3,3851,0.00238571
1.1916,8,6,3,24176,0.0026
1.19174,6,3,3,1283,0.00274285
1.19203,8,4,3,10511,0.00302856
1.1926,8,6,3,24176,0.0026
1.19274,6,3,3,1283,0.00274285
1.19303,8,4,3,10511,0.00302856
1.19403,6,2,3,22775,0.00802856
1.19503,6,2,3,22775,0.00802856
1.19603,6,5,3,14014,0.00802856
1.19603,6,2,3,22775,0.00802856
1.19603,8,5,3,19709,0.00802856
1.19703,6,5,3,14014,0.00802856
1.19703,6,2,3,22775,0.00802856
1.19703,8,5,3,24176,0.00802856
1.19803,6,5,3,14014,0.00802856
1.19803,6,2,3,22775,0.00802856
1.19803,8,5,3,24176,0.00802856
1.19839,6,5,3,6480,0.00238571
1.19867,6,3,3,1283,0.00267142
1.19896,6,2,3,19269,0.00295714
1.19903,8,7,3,14453,0.0130286
1.19946,6,5,3,8641,0.00245714
1.19974,6,3,3,1283,0.00274285
1.20003,8,7,3,14453,0.0130286
1.2006,8,6,3,24176,0.0026
1.20074,6,3,3,1283,0.00274285
1.20081,8,5,3,14453,0.00281428
1.20103,8,4,3,10511,0.00302856
1.2016,8,6,3,24176,0.0026
1.20174,6,3,3,1283,0.00274285
1.20203,8,4,3,10511,0.00302856
1.20274,6,3,3,1283,0.00274285
1.20296,8,7,3,14453,0.0129571
1.20303,6,2,3,22775,0.00302856
1.20339,8,7,3,3851,0.00238571
1.2036,8,6,3,24176,0.0026
1.20374,6,3,3,1283,0.00274285
1.20403,8,4,3,10511,0.00302856
1.2046,8,6,3,24176,0.0026
1.20503,6,2,3,29784,0.00802856
1.20503,8,4,3,10511,0.00302856
1.20603,6,5,3,8641,0.00802856
1.20603,6,2,3,29784,0.00802856
1.20603,8,7,3,6480,0.00802856
1.20703,6,5,3,14014,0.00802856
1.20703,6,2,3,22775,0.00802856
1.20703,8,7,3,6480,0.00802856
1.20703,8,5,3,22335,0.00802856
1.20739,8,7,3,5255,0.00238571
1.2076,8,6,3,24176,0.0026
1.20781,8,5,3,14453,0.00281428
1.20803,6,5,3,14014,0.00802856
1.20803,8,4,3,10511,0.00302856
1.20903,6,5,3,11211,0.00802856
1.20903,6,2,3,22775,0.00802856
1.20903,8,5,3,19709,0.00802856
1.20946,6,5,3,8641,0.00245714
1.20974,6,3,3,1283,0.00274285
1.21003,8,7,3,17080,0.00802856
1.21003,8,5,3,19709,0.00802856
1.21003,6,2,3,19269,0.00302856
1.21039,8,7,3,5255,0.00238571
1.21046,6,5,3,8641,0.00245714
1.2106,8,6,3,24176,0.0026
1.21074,6,3,3,1283,0.00274285
1.21081,8,5,3,14453,0.00281428
1.21096,8,4,3,7005,0.00295714
1.2116,8,6,3,24176,0.0026
1.21174,6,3,3,1283,0.00274285
1.21181,8,5,3,14453,0.00281428
1.21203,8,4,3,10511,0.00302856
1.21239,8,7,3,961,0.00238571
1.2126,8,6,3,24176,0.0026
1.21303,6,3,3,1925,0.00302856
1.21303,8,4,3,10511,0.00302856
1.2136,8,6,3,24176,0.0026
1.21381,8,5,3,14453,0.00281428
1.21403,6,3,3,1925,0.00302856
1.21403,8,4,3,10511,0.00302856
1.2146,8,6,3,24176,0.0026
1.21503,6,3,3,1925,0.00302856
1.21503,8,4,3,10511,0.00302856
1.2156,8,6,3,24176,0.0026
1.21603,6,2,3,32234,0.00802856
1.21603,8,4,3,10511,0.00302856
1.21703,6,5,3,11211,0.00802856
1.21703,6,2,3,18660,0.00802856
1.21703,8,7,3,10511,0.00802856
1.21803,6,5,3,16819,0.00802856
1.21803,8,5,3,17080,0.00802856
1.21903,6,5,3,23652,0.00802856
1.21903,8,7,3,8409,0.00802856
1.22003,6,5,3,21022,0.00802856
1.22003,8,7,3,8409,0.00802856
1.22003,8,5,3,22335,0.00802856
1.2206,6,5,3,12964,0.0026
1.22096,8,5,3,19709,0.00795714
1.22103,6,3,3,1925,0.00302856
1.22139,8,7,3,5255,0.00238571
1.22153,6,5,3,10801,0.00252857
1.2216,8,6,3,24176,0.0026
1.22181,8,5,3,11824,0.00281428
1.22196,6,3,3,1925,0.00295714
1.22203,8,4,3,10511,0.00302856
1.2226,6,5,3,12964,0.0026
1.2226,8,6,3,24176,0.0026
1.22281,8,5,3,11824,0.00281428
1.22303,6,3,3,1925,0.00302856
1.22303,8,4,3,10511,0.00302856
1.2236,6,5,3,12964,0.0026
1.2236,8,6,3,24176,0.0026
1.22403,6,3,3,1925,0.00302856
1.22403,8,4,3,10511,0.00302856
1.2246,6,5,3,12964,0.0026
1.2246,8,6,3,24176,0.0026
1.22503,6,3,3,1925,0.00302856
1.22503,8,4,3,10511,0.00302856
1.22553,6,5,3,10801,0.00252857
1.22596,6,3,3,1925,0.00295714
1.22603,8,7,3,10511,0.0130286
1.22639,8,7,3,3851,0.00238571
1.22653,8,6,3,15524,0.00252857
1.2266,6,5,3,12964,0.0026
1.22703,6,3,3,1925,0.00302856
1.22703,8,4,3,14014,0.00302856
1.2276,6,5,3,12964,0.0026
1.22803,8,7,3,14453,0.00802856
1.22803,6,3,3,1925,0.00302856
1.2286,6,5,3,12964,0.0026
1.22903,8,7,3,14453,0.00802856
1.22903,8,5,3,24176,0.00802856
1.22903,6,3,3,1925,0.00302856
1.2296,6,5,3,12964,0.0026
1.23003,8,5,3,24176,0.00802856
1.23003,6,3,3,1925,0.00302856
1.23039,8,7,3,5255,0.00238571
1.23067,8,5,3,19269,0.00267142
1.23096,8,4,3,14014,0.00295714
1.23103,6,3,3,1925,0.00302856
1.2316,6,5,3,12964,0.0026
1.23203,8,5,3,19709,0.00802856
1.23203,6,3,3,1925,0.00302856
1.23246,8,7,3,7005,0.00245714
1.23274,8,5,3,19269,0.00274285
1.23303,6,3,3,1925,0.00302856
1.23303,8,4,3,14014,0.00302856
1.23374,8,5,3,19269,0.00274285
1.23403,6,3,3,1925,0.00302856
1.23403,8,4,3,14014,0.00302856
1.2346,6,5,3,12964,0.0026
1.23503,8,7,3,14453,0.0130286
1.23503,6,3,3,1925,0.00302856
1.23546,8,7,3,5138,0.00245714
1.23603,6,5,3,12964,0.00802856
1.23603,8,4,3,14014,0.00302856
1.23646,8,7,3,8641,0.00245714
1.23653,6,5,3,8758,0.00252857
1.23674,8,5,3,19269,0.00274285
1.23696,6,3,3,1925,0.00295714
1.23703,8,4,3,14014,0.00302856
1.23746,8,7,3,8641,0.00245714
1.23803,6,5,3,12964,0.00802856
1.23803,8,4,3,14014,0.00302856
1.23903,6,5,3,12964,0.00802856
1.23903,8,7,3,22775,0.00802856
1.23939,8,7,3,6480,0.00238571
1.2396,6,5,3,7706,0.0026
1.23967,8,5,3,19269,0.00267142
1.23996,8,4,3,14014,0.00295714
1.24003,6,3,3,1925,0.00302856
1.2406,6,5,3,12964,0.0026
1.24103,8,5,3,26278,0.00802856
1.24103,6,3,3,1925,0.00302856
1.24146,8,7,3,8641,0.00245714
1.24174,8,5,3,19269,0.00274285
1.24203,6,3,3,1925,0.00302856
1.24203,8,4,3,14014,0.00302856
1.2426,6,5,3,10511,0.0026
1.24303,8,5,3,32234,0.00802856
1.24303,6,3,3,1925,0.00302856
1.24346,8,7,3,8641,0.00245714
1.24374,8,5,3,19269,0.00274285
1.24403,6,3,3,1925,0.00302856
1.24403,8,4,3,14014,0.00302856
1.24474,8,5,3,19269,0.00274285
1.24503,6,3,3,1925,0.00302856
1.24503,8,4,3,14014,0.00302856
1.24546,8,7,3,8641,0.00245714
1.2456,6,5,3,12964,0.0026
1.24574,8,5,3,19269,0.00274285
1.24603,6,3,3,1925,0.00302856
1.24603,8,4,3,14014,0.00302856
1.24646,8,7,3,8641,0.00245714
1.24703,6,5,3,16819,0.00802856
1.24703,8,4,3,14014,0.00302856
1.2476,8,7,3,12964,0.0026
1.24803,6,3,3,1925,0.00302856
1.24803,8,4,3,21022,0.00302856
1.2486,8,7,3,12964,0.0026
1.24903,6,5,3,16819,0.00802856
1.24903,8,4,3,21022,0.00302856
1.25003,6,5,3,16819,0.00802856
1.25003,8,7,3,19269,0.00802856
1.2506,8,7,3,12964,0.0026
1.25103,6,3,3,1925,0.00302856
1.25103,8,4,3,21022,0.00302856
1.2516,6,5,3,12964,0.0026
1.25203,8,5,3,23869,0.00802856
1.25203,6,3,3,1925,0.00302856
1.25253,8,7,3,10801,0.00252857
1.25296,8,4,3,21022,0.00295714
1.25303,6,5,3,12964,0.00802856
1.2536,6,5,3,10511,0.0026
1.2536,8,7,3,12964,0.0026
1.25403,6,3,3,1925,0.00302856
1.25403,8,4,3,21022,0.00302856
1.2546,8,7,3,12964,0.0026
1.25503,6,3,3,1925,0.00302856
1.25503,8,4,3,21022,0.00302856
1.25603,6,5,3,12964,0.00802856
1.25603,8,4,3,21022,0.00302856
1.2566,6,5,3,10511,0.0026
1.2566,8,7,3,12964,0.0026
1.25703,6,3,3,1925,0.00302856
1.25703,8,4,3,21022,0.00302856
1.2576,8,7,3,12964,0.0026
1.25803,6,3,3,1925,0.00302856
1.25803,8,4,3,21022,0.00302856
1.2586,8,7,3,12964,0.0026
1.25903,6,3,3,1925,0.00302856
1.25903,8,4,3,21022,0.00302856
1.2596,8,7,3,12964,0.0026
1.26003,6,5,3,16819,0.00802856
1.26003,8,4,3,21022,0.00302856
1.2606,6,5,3,10511,0.0026
1.26103,8,7,3,28907,0.00802856
1.26103,6,3,3,1925,0.00302856
1.26196,8,4,3,7038,0.00295714
1.26203,6,3,3,1925,0.00302856
1.26303,6,5,3,12964,0.00802856
1.26303,8,7,3,25929,0.00302856
1.26396,6,5,3,16819,0.00795714
1.26403,8,7,3,25929,0.00302856
1.2646,6,5,3,10511,0.0026
1.26703,6,5,3,21022,0.00802856
1.26703,8,7,3,17285,0.00802856
1.26803,6,3,3,1925,0.00302856
1.26903,6,3,3,1925,0.00302856
1.27003,6,3,3,1925,0.00802856
1.27003,8,7,3,25929,0.00802856
1.27103,6,5,3,21022,0.00802856
1.27103,6,3,3,1925,0.00802856
1.27103,8,7,3,25929,0.00802856
1.2716,6,5,3,10511,0.0026
1.27203,8,7,3,21022,0.00302856
1.27203,6,3,3,1401,0.00302856
1.27303,6,5,3,12964,0.00802856
1.27303,8,7,3,25929,0.00802856
1.27403,6,5,3,16819,0.00802856
1.27403,8,7,3,25929,0.00802856
1.27446,6,5,3,6068,0.00245714
1.27503,8,7,3,21022,0.00302856
1.27503,6,3,3,1867,0.00302856
1.27603,6,3,3,2802,0.00302856
1.27703,8,7,3,21022,0.00302856
1.27803,6,3,3,2802,0.00302856
1.27803,8,7,3,21022,0.00302856
1.27896,6,3,3,2567,0.00295714
1.27903,8,7,3,25929,0.00302856
1.28003,6,3,3,2802,0.00302856
1.28103,6,3,3,2802,0.00302856
1.28103,8,7,3,25929,0.00802856
1.28203,6,3,3,3851,0.00802856
1.28203,8,7,3,21022,0.00302856
1.28296,8,7,3,19269,0.00295714
1.28303,6,3,3,2802,0.00302856
1.28403,6,3,3,3851,0.00302856
1.28403,8,7,3,21022,0.00302856
1.28503,6,3,3,3851,0.00302856
1.28503,8,7,3,25929,0.00802856
1.28603,6,3,3,3851,0.00302856
1.28603,8,7,3,21022,0.00302856
1.28703,6,3,3,3851,0.00302856
1.28703,8,7,3,25929,0.00302856
1.28803,6,3,3,3851,0.00302856
1.28803,8,7,3,25929,0.00302856
1.28903,6,3,3,3851,0.00302856
1.28903,8,7,3,25929,0.00302856
1.29003,6,3,3,3851,0.00302856
1.29003,8,7,3,25929,0.00302856
1.29103,6,3,3,3851,0.00302856
1.29203,6,3,3,3851,0.00302856
1.29303,6,3,3,3851,0.00302856
1.29403,6,3,3,3851,0.00302856
1.29503,6,3,3,3851,0.00302856
1.29603,6,3,3,3851,0.00302856
1.29603,8,7,3,23766,0.00802856
1.29703,6,3,3,3851,0.00302856
1.29703,8,7,3,25929,0.00802856
1.29803,6,3,3,3851,0.00302856
1.29803,8,7,3,25929,0.00802856
1.29903,6,3,3,3851,0.00302856
1.29903,8,7,3,25929,0.00802856
1.30003,6,3,3,3851,0.00302856
1.30003,8,7,3,25929,0.00802856
1.30096,8,7,3,19269,0.00295714
1.30103,6,3,3,3851,0.00302856
1.30196,6,3,3,3532,0.00295714
1.30203,8,7,3,25929,0.00302856
1.30303,6,3,3,3851,0.00302856
1.30303,8,7,3,21022,0.00302856
1.30403,6,3,3,3851,0.00302856
1.30403,8,7,3,21022,0.00302856
1.30503,6,3,3,3851,0.00302856
1.30503,8,7,3,21022,0.00302856
1.30596,6,3,3,3532,0.00295714
1.30603,8,7,3,21022,0.00302856
1.30703,6,3,3,3851,0.00302856
1.30803,6,3,3,3851,0.00302856
1.30903,6,3,3,3851,0.00302856
1.31003,6,3,3,3851,0.00302856
1.31103,6,3,3,3851,0.00302856
1.31203,6,3,3,3851,0.00302856
1.31203,8,7,3,13705,0.00802856
1.31303,6,3,3,3851,0.00302856
1.31403,6,3,3,6656,0.00302856
1.31503,6,3,3,6656,0.00302856
1.31603,6,3,3,6656,0.00302856
1.31696,6,3,3,6102,0.00295714
1.31803,6,3,3,3851,0.00302856
1.31903,6,3,3,6656,0.00302856
1.32103,6,3,3,6656,0.00302856
1.32203,6,3,3,6656,0.00302856
1.32303,6,3,3,6656,0.00302856
1.32403,6,3,3,6656,0.00302856
1.32503,6,3,3,6655,0.00802856
1.32603,6,3,3,6656,0.00302856
1.33103,6,3,3,6656,0.00302856
1.33203,6,3,3,6656,0.00802856
1.33303,6,3,3,6656,0.00802856
1.33403,6,3,3,6656,0.00802856
1.33503,6,3,3,6656,0.00802856
1.33603,6,3,3,6656,0.00302856
1.33703,6,3,3,6656,0.00302856
1.33803,6,3,3,6656,0.00302856
1.33903,6,3,3,6656,0.00302856
1.34003,6,3,3,6656,0.00302856
1.34103,6,3,3,6656,0.00302856
1.34203,6,3,3,6656,0.00302856
1.34303,6,3,3,6656,0.00302856
1.34396,6,3,3,6102,0.00295714
1.34503,6,3,3,6656,0.00302856
1.34603,6,3,3,6656,0.00302856
1.34703,6,3,3,6656,0.00302856
1.34803,6,3,3,6656,0.00302856
1.34903,6,3,3,6656,0.00302856
1.35003,6,3,3,6656,0.00302856
1.35103,6,3,3,6656,0.00302856
1.35203,6,3,3,6656,0.00302856
1.35303,6,3,3,6656,0.00302856
1.35403,6,3,3,6656,0.00302856
1.35503,6,3,3,6656,0.00302856
1.35603,6,3,3,6656,0.00302856
1.35703,6,3,3,6656,0.00302856
1.35803,6,3,3,6656,0.00302856
1.35896,6,3,3,6102,0.00295714
1.36003,6,3,3,6656,0.00302856
1.36103,6,3,3,6656,0.00302856
1.36203,6,3,3,6656,0.00302856
1.36303,6,3,3,6656,0.00302856
1.36403,6,3,3,6656,0.00302856
1.36503,6,3,3,6656,0.00302856
1.36603,6,3,3,6656,0.00302856
1.36703,6,3,3,6656,0.00302856
1.36803,6,3,3,6656,0.00302856
1.36903,6,3,3,6656,0.00302856
1.37003,6,3,3,6656,0.00302856
1.37103,6,3,3,6656,0.00302856
1.37203,6,3,3,6656,0.00302856
1.37303,6,3,3,6656,0.00302856
1.37403,6,3,3,6656,0.00302856
1.37503,6,3,3,6656,0.00302856
1.37603,6,3,3,6656,0.00302856
1.37703,6,3,3,6656,0.00302856
1.37803,6,3,3,6656,0.00302856
1.37903,6,3,3,6656,0.00302856
1.38003,6,3,3,6656,0.00302856
1.38103,6,3,3,6656,0.00302856
1.38196,6,3,3,6102,0.00295714
1.38303,6,3,3,6656,0.00302856
1.38403,6,3,3,6656,0.00302856
1.38503,6,3,3,6656,0.00302856
1.38596,6,3,3,6102,0.00295714
1.38703,6,3,3,6656,0.00302856
1.38803,6,3,3,6656,0.00302856
1.38903,6,3,3,6656,0.00302856
1.39003,6,3,3,6656,0.00302856
1.39103,6,3,3,6656,0.00302856
1.39203,6,3,3,6656,0.00302856
1.39303,6,3,3,6656,0.00302856
1.39403,6,3,3,6656,0.00302856
1.39503,6,3,3,6656,0.00302856
1.39603,6,3,3,6656,0.00302856
1.39696,6,3,3,6102,0.00295714
1.39803,6,3,3,6656,0.00302856
1.39903,6,3,3,6656,0.00302856
1.40003,6,3,3,6656,0.00302856
1.40103,6,3,3,6656,0.00302856
1.40203,6,3,3,6656,0.00302856
1.40303,6,3,3,6656,0.00302856
1.40403,6,3,3,6656,0.00302856
1.40503,6,3,3,6656,0.00302856
1.40603,6,3,3,6656,0.00302856
1.40703,6,3,3,6656,0.00302856
1.40803,6,3,3,6656,0.00302856
1.40903,6,3,3,6656,0.00302856
1.41003,6,3,3,6656,0.00302856
1.41103,6,3,3,6656,0.00302856
1.41203,6,3,3,6656,0.00302856
1.41303,6,3,3,6656,0.00302856
1.41403,6,3,3,6656,0.00302856
1.41503,6,3,3,6656,0.00302856
1.41603,6,3,3,6656,0.00302856
1.41703,6,3,3,6656,0.00302856
1.41803,6,3,3,6656,0.00302856
1.41903,6,3,3,6656,0.00302856
1.42003,6,3,3,6656,0.00302856
1.42103,6,3,3,6656,0.00302856
1.42203,6,3,3,6656,0.00302856
1.42303,6,3,3,6656,0.00302856
1.42396,6,3,3,6102,0.00295714
1.42503,6,3,3,6656,0.00302856
1.42603,6,3,3,6656,0.00302856
1.42703,6,3,3,6656,0.00302856
1.42803,6,3,3,6656,0.00302856
1.42903,6,3,3,6656,0.00302856
1.43003,6,3,3,6656,0.00302856
1.43103,6,3,3,6656,0.00302856
1.43203,6,3,3,6656,0.00302856
1.43303,6,3,3,6656,0.00302856
1.43403,6,3,3,6656,0.00302856
1.43503,6,3,3,6656,0.00302856
1.43603,6,3,3,6656,0.00302856
1.43703,6,3,3,6656,0.00302856
1.43803,6,3,3,6656,0.00302856
1.43896,6,3,3,6102,0.00295714
1.44003,6,3,3,6656,0.00302856
1.44103,6,3,3,6656,0.00302856
1.44203,6,3,3,6656,0.00302856
1.44303,6,3,3,6656,0.00302856
1.44403,6,3,3,6656,0.00302856
1.44503,6,3,3,6656,0.00302856
1.44603,6,3,3,6656,0.00302856
1.44703,6,3,3,6656,0.00302856
1.44803,6,3,3,6656,0.00302856
1.44903,6,3,3,6656,0.00302856
1.45003,6,3,3,6656,0.00302856
1.45103,6,3,3,6656,0.00302856
1.45203,6,3,3,6656,0.00302856
1.45303,6,3,3,6656,0.00302856
1.45403,6,3,3,6656,0.00302856
1.45503,6,3,3,6656,0.00302856
1.45603,6,3,3,6656,0.00302856
1.45703,6,3,3,6656,0.00302856
1.45803,6,3,3,6656,0.00302856
1.45903,6,3,3,6656,0.00302856
1.46003,6,3,3,6656,0.00302856
1.46103,6,3,3,6656,0.00302856
1.46196,6,3,3,6102,0.00295714
1.46303,6,3,3,6656,0.00302856
1.46403,6,3,3,6656,0.00302856
1.46503,6,3,3,6656,0.00302856
1.46596,6,3,3,6102,0.00295714
1.46703,6,3,3,6656,0.00302856
1.46803,6,3,3,6656,0.00302856
1.46903,6,3,3,6656,0.00302856
1.47003,6,3,3,6656,0.00302856
1.47103,6,3,3,6656,0.00302856
1.47203,6,3,3,6656,0.00302856
1.47303,6,3,3,6656,0.00302856
1.47403,6,3,3,6656,0.00302856
1.47481,6,3,3,4446,0.00281428
